song_id,artist_name,genre,orientation,mood_happy,mood_sad,mood_relaxed,mood_aggressive,mood_party,danceability,voice_instrumental
RTJ_01,Run the Jewels,hip-hop,narrative,0.62485,0.40786,0.41115,0.60346,0.81131,0.78417,0.69556
RTJ_02,Run the Jewels,hip-hop,narrative,0.59819,0.42701,0.53557,0.56111,0.69761,0.68321,0.65719
RTJ_03,Run the Jewels,hip-hop,narrative,0.54835,0.48195,0.50227,0.60994,0.71352,0.71358,0.60796
RTJ_04,Run the Jewels,hip-hop,narrative,0.41397,0.63143,0.62375,0.60705,0.63168,0.62358,0.70899
RTJ_05,Run the Jewels,hip-hop,narrative,0.46429,0.52232,0.56974,0.42595,0.50657,0.74995,0.5787
RTJ_06,Run the Jewels,hip-hop,narrative,0.70943,0.31158,0.38754,0.58433,0.8238,0.80058,0.61089
RTJ_07,Run the Jewels,hip-hop,narrative,0.48905,0.53566,0.70191,0.54257,0.54403,0.55377,0.68083
RTJ_08,Run the Jewels,hip-hop,narrative,0.62652,0.40193,0.43939,0.52161,0.83901,0.80779,0.69496
RTJ_09,Run the Jewels,hip-hop,narrative,0.55161,0.47683,0.55678,0.59177,0.65393,0.641,0.68507
RTJ_10,Run the Jewels,hip-hop,narrative,0.62872,0.38356,0.54348,0.52258,0.67983,0.6691,0.70237
RTJ_11,Run the Jewels,hip-hop,narrative,0.51145,0.53855,0.42988,0.65027,0.80768,0.77816,0.71307
RTJ_12,Run the Jewels,hip-hop,narrative,0.73051,0.28005,0.42277,0.47246,0.83044,0.79684,0.75478
RTJ_13,Run the Jewels,hip-hop,narrative,0.58686,0.44095,0.53312,0.54126,0.72368,0.7062,0.70917
RTJ_14,Run the Jewels,hip-hop,narrative,0.58681,0.43143,0.50766,0.52181,0.71688,0.71741,0.73157
RTJ_15,Run the Jewels,hip-hop,narrative,0.58488,0.44207,0.51248,0.52003,0.75153,0.72582,0.77802
KL_01,Kendrick Lamar,hip-hop,narrative,0.62688,0.40463,0.42992,0.58025,0.81391,0.78757,0.67782
KL_02,Kendrick Lamar,hip-hop,narrative,0.65653,0.36686,0.46383,0.5382,0.77953,0.75298,0.74013
KL_03,Kendrick Lamar,hip-hop,narrative,0.59232,0.43402,0.52487,0.58323,0.704,0.69344,0.62442
KL_04,Kendrick Lamar,hip-hop,narrative,0.53954,0.46275,0.68703,0.44936,0.54139,0.602,0.58278
KL_05,Kendrick Lamar,hip-hop,narrative,0.79275,0.20492,0.42264,0.50087,0.75503,0.76975,0.66302
KL_06,Kendrick Lamar,hip-hop,narrative,0.72753,0.29968,0.3587,0.64545,0.82058,0.79631,0.63258
KL_07,Kendrick Lamar,hip-hop,narrative,0.73495,0.27921,0.43278,0.51123,0.8026,0.77223,0.75173
KL_08,Kendrick Lamar,hip-hop,narrative,0.62793,0.38868,0.55407,0.52405,0.68775,0.68103,0.65748
KL_09,Kendrick Lamar,hip-hop,narrative,0.53984,0.46566,0.51489,0.4962,0.64124,0.77026,0.55288
KL_10,Kendrick Lamar,hip-hop,narrative,0.62891,0.37385,0.5001,0.47005,0.69455,0.75295,0.63945
KL_11,Kendrick Lamar,hip-hop,narrative,0.53376,0.47888,0.58131,0.50499,0.62912,0.68214,0.62263
KL_12,Kendrick Lamar,hip-hop,narrative,0.61265,0.41107,0.4465,0.63699,0.72561,0.74182,0.54075
KL_13,Kendrick Lamar,hip-hop,narrative,0.579,0.43516,0.60083,0.49198,0.68067,0.68279,0.54191
KL_14,Kendrick Lamar,hip-hop,narrative,0.39853,0.63439,0.65766,0.52964,0.60577,0.64133,0.69154
KL_15,Kendrick Lamar,hip-hop,narrative,0.49416,0.54859,0.45275,0.64205,0.76244,0.77355,0.63397
JC_01,J. Cole,hip-hop,narrative,0.44986,0.57204,0.60524,0.5431,0.60218,0.66421,0.58434
JC_02,J. Cole,hip-hop,narrative,0.3757,0.64523,0.67156,0.53114,0.52673,0.6304,0.54367
JC_03,J. Cole,hip-hop,narrative,0.48251,0.54022,0.60769,0.52758,0.64254,0.67116,0.59722
JC_04,J. Cole,hip-hop,narrative,0.57328,0.45916,0.51346,0.5869,0.72233,0.70491,0.72112
JC_05,J. Cole,hip-hop,narrative,0.46376,0.55075,0.6673,0.51726,0.5194,0.61977,0.57371
JC_06,J. Cole,hip-hop,narrative,0.60745,0.37898,0.55348,0.36404,0.65982,0.76424,0.59273
JC_07,J. Cole,hip-hop,narrative,0.59435,0.41694,0.52805,0.53772,0.65108,0.71362,0.59954
JC_08,J. Cole,hip-hop,narrative,0.67194,0.33213,0.41126,0.45932,0.80303,0.84908,0.62818
JC_09,J. Cole,hip-hop,narrative,0.6697,0.33982,0.40884,0.47903,0.81207,0.84898,0.62229
JC_10,J. Cole,hip-hop,narrative,0.68313,0.33975,0.37075,0.59089,0.83913,0.83643,0.56057
JC_11,J. Cole,hip-hop,narrative,0.41365,0.63222,0.64457,0.59172,0.62691,0.62032,0.7585
JC_12,J. Cole,hip-hop,narrative,0.45507,0.55365,0.61393,0.48275,0.53667,0.68512,0.67309
JC_13,J. Cole,hip-hop,narrative,0.50078,0.51356,0.54702,0.49401,0.66861,0.74843,0.58083
JC_14,J. Cole,hip-hop,narrative,0.60089,0.40316,0.56621,0.4429,0.68106,0.71193,0.63673
JC_15,J. Cole,hip-hop,narrative,0.37933,0.61109,0.69591,0.34004,0.47069,0.69207,0.64352
DR_01,Drake,hip-hop,narrative,0.64041,0.36629,0.4458,0.50218,0.72809,0.78578,0.68852
DR_02,Drake,hip-hop,narrative,0.65995,0.36192,0.47484,0.54403,0.76508,0.74522,0.69525
DR_03,Drake,hip-hop,narrative,0.67942,0.33111,0.49083,0.47869,0.77885,0.76072,0.58713
DR_04,Drake,hip-hop,narrative,0.50373,0.50142,0.64015,0.39121,0.642,0.6934,0.64702
DR_05,Drake,hip-hop,narrative,0.64369,0.39817,0.27449,0.74493,0.85299,0.83803,0.67741
DR_06,Drake,hip-hop,narrative,0.50248,0.52051,0.55396,0.53099,0.66412,0.71887,0.65078
DR_07,Drake,hip-hop,narrative,0.456,0.54032,0.65756,0.35739,0.584,0.68477,0.64072
DR_08,Drake,hip-hop,narrative,0.53967,0.4812,0.60066,0.53053,0.63227,0.66589,0.63941
DR_09,Drake,hip-hop,narrative,0.65172,0.36141,0.35614,0.59533,0.78446,0.84861,0.48141
DR_10,Drake,hip-hop,narrative,0.61386,0.41294,0.47932,0.64652,0.70064,0.69192,0.53551
DR_11,Drake,hip-hop,narrative,0.58263,0.44416,0.54782,0.63569,0.65088,0.65571,0.5312
DR_12,Drake,hip-hop,narrative,0.46719,0.53907,0.65453,0.44704,0.57678,0.66373,0.55317
EM_01,Eminem,hip-hop,narrative,0.55739,0.4721,0.36941,0.60421,0.82387,0.85267,0.61334
EM_02,Eminem,hip-hop,narrative,0.74431,0.27355,0.34837,0.58885,0.83437,0.81266,0.67504
EM_03,Eminem,hip-hop,narrative,0.48584,0.54554,0.54642,0.62055,0.67834,0.70426,0.48235
EM_04,Eminem,hip-hop,narrative,0.60386,0.42333,0.52872,0.58617,0.71778,0.71572,0.55486
EM_05,Eminem,hip-hop,narrative,0.52969,0.5167,0.43062,0.76686,0.72869,0.72466,0.45006
EM_06,Eminem,hip-hop,narrative,0.46768,0.55094,0.57494,0.62216,0.54564,0.64235,0.55334
EM_07,Eminem,hip-hop,narrative,0.65345,0.37541,0.37347,0.63198,0.82605,0.80316,0.59353
EM_08,Eminem,hip-hop,narrative,0.57079,0.43774,0.58458,0.54351,0.5923,0.65285,0.5439
EM_09,Eminem,hip-hop,narrative,0.61691,0.38575,0.56155,0.50731,0.66182,0.70355,0.43095
EM_10,Eminem,hip-hop,narrative,0.65108,0.36462,0.48849,0.63309,0.65007,0.66206,0.58524
EM_11,Eminem,hip-hop,narrative,0.81542,0.18458,0.37025,0.45614,0.88554,0.85551,0.59766
EM_12,Eminem,hip-hop,narrative,0.5317,0.50744,0.43779,0.69053,0.73184,0.74483,0.58006
TC2_01,"Tyler, the Creator",hip-hop,narrative,0.60386,0.40767,0.43628,0.53922,0.70777,0.78357,0.68158
TC2_02,"Tyler, the Creator",hip-hop,narrative,0.67301,0.34271,0.42666,0.49292,0.82136,0.78419,0.81223
TC2_03,"Tyler, the Creator",hip-hop,narrative,0.61354,0.41132,0.39996,0.5624,0.84032,0.82425,0.61058
TC2_04,"Tyler, the Creator",hip-hop,narrative,0.64068,0.38048,0.50446,0.55739,0.71405,0.73136,0.5966
TC2_05,"Tyler, the Creator",hip-hop,narrative,0.6727,0.34184,0.44766,0.55433,0.74846,0.7488,0.65353
TC2_06,"Tyler, the Creator",hip-hop,narrative,0.67637,0.34832,0.4201,0.59443,0.79692,0.77673,0.62749
TC2_07,"Tyler, the Creator",hip-hop,narrative,0.76127,0.25333,0.33705,0.55025,0.87608,0.84147,0.65269
TC2_08,"Tyler, the Creator",hip-hop,narrative,0.61678,0.39458,0.61274,0.49774,0.63032,0.62863,0.67019
TC2_09,"Tyler, the Creator",hip-hop,narrative,0.58452,0.43885,0.50916,0.5854,0.67698,0.68651,0.70406
TC2_10,"Tyler, the Creator",hip-hop,narrative,0.54148,0.47703,0.43637,0.53258,0.73781,0.80457,0.70458
TC2_11,"Tyler, the Creator",hip-hop,narrative,0.51315,0.51888,0.57771,0.59654,0.65344,0.6514,0.62865
TC2_12,"Tyler, the Creator",hip-hop,narrative,0.67959,0.33668,0.41982,0.49552,0.85289,0.82571,0.59903
MM_01,Mac Miller,hip-hop,narrative,0.57363,0.4444,0.51431,0.47244,0.75384,0.76353,0.68986
MM_02,Mac Miller,hip-hop,narrative,0.50628,0.50449,0.68182,0.4589,0.60347,0.60536,0.56201
MM_03,Mac Miller,hip-hop,narrative,0.55273,0.44268,0.55349,0.32678,0.72329,0.75316,0.84418
MM_04,Mac Miller,hip-hop,narrative,0.51219,0.50124,0.5005,0.46186,0.7385,0.77942,0.70295
MM_05,Mac Miller,hip-hop,narrative,0.52682,0.50719,0.46275,0.55131,0.81121,0.78418,0.69713
MM_06,Mac Miller,hip-hop,narrative,0.66467,0.35384,0.4207,0.51047,0.83918,0.80801,0.69372
MM_07,Mac Miller,hip-hop,narrative,0.54752,0.48869,0.51166,0.55972,0.75915,0.73653,0.73036
MM_08,Mac Miller,hip-hop,narrative,0.31158,0.68728,0.8399,0.34592,0.40394,0.55487,0.62621
MM_09,Mac Miller,hip-hop,narrative,0.60508,0.39522,0.52312,0.39148,0.74515,0.74259,0.77806
MM_10,Mac Miller,hip-hop,narrative,0.57177,0.44049,0.46958,0.40358,0.82258,0.81978,0.76533
MM_11,Mac Miller,hip-hop,narrative,0.50093,0.52073,0.61759,0.48929,0.67459,0.6866,0.5768
MM_12,Mac Miller,hip-hop,narrative,0.45507,0.5738,0.65831,0.55412,0.59242,0.5926,0.70993
CH_01,Chance the Rapper,hip-hop,narrative,0.33668,0.68195,0.73001,0.49492,0.49622,0.60008,0.53299
CH_02,Chance the Rapper,hip-hop,narrative,0.70264,0.3123,0.40862,0.59918,0.76624,0.76282,0.59583
CH_03,Chance the Rapper,hip-hop,narrative,0.50579,0.51064,0.46197,0.46631,0.75353,0.82521,0.73333
CH_04,Chance the Rapper,hip-hop,narrative,0.48758,0.5202,0.52881,0.43712,0.6692,0.80083,0.61257
CH_05,Chance the Rapper,hip-hop,narrative,0.47575,0.53833,0.57301,0.43923,0.67413,0.73695,0.71469
CH_06,Chance the Rapper,hip-hop,narrative,0.71906,0.29302,0.36922,0.54171,0.84416,0.81336,0.65317
CH_07,Chance the Rapper,hip-hop,narrative,0.65572,0.3522,0.43152,0.52352,0.72901,0.79135,0.65787
CH_08,Chance the Rapper,hip-hop,narrative,0.46931,0.54542,0.54696,0.50396,0.63766,0.73304,0.64409
CH_09,Chance the Rapper,hip-hop,narrative,0.63525,0.36913,0.53057,0.47881,0.67584,0.72492,0.61293
CH_10,Chance the Rapper,hip-hop,narrative,0.61232,0.40829,0.5086,0.54161,0.72602,0.70953,0.69479
CH_11,Chance the Rapper,hip-hop,narrative,0.68493,0.35856,0.30084,0.78026,0.82602,0.8042,0.59994
CH_12,Chance the Rapper,hip-hop,narrative,0.53867,0.46326,0.62189,0.528,0.50582,0.62168,0.56158
NS_01,Nas,hip-hop,narrative,0.77338,0.23905,0.33258,0.54737,0.88828,0.85728,0.56873
NS_02,Nas,hip-hop,narrative,0.70521,0.3169,0.34316,0.57471,0.89195,0.86371,0.55305
NS_03,Nas,hip-hop,narrative,0.58213,0.39977,0.6589,0.37965,0.52457,0.67694,0.47182
NS_04,Nas,hip-hop,narrative,0.64814,0.36449,0.36993,0.51467,0.84549,0.90016,0.47252
NS_05,Nas,hip-hop,narrative,0.63151,0.38743,0.53346,0.62086,0.63358,0.63162,0.64072
NS_06,Nas,hip-hop,narrative,0.56809,0.44104,0.57514,0.56014,0.56611,0.65863,0.53362
NS_07,Nas,hip-hop,narrative,0.67946,0.32913,0.49756,0.59632,0.67127,0.68016,0.49552
NS_08,Nas,hip-hop,narrative,0.68911,0.31918,0.53882,0.57717,0.64159,0.64658,0.53036
NS_09,Nas,hip-hop,narrative,0.44425,0.56947,0.67609,0.46815,0.55968,0.64274,0.59369
NS_10,Nas,hip-hop,narrative,0.59371,0.42372,0.56296,0.57775,0.64005,0.65836,0.54648
NS_11,Nas,hip-hop,narrative,0.5349,0.4557,0.6871,0.39262,0.49146,0.62745,0.69384
NS_12,Nas,hip-hop,narrative,0.70255,0.29745,0.55167,0.50262,0.66792,0.67194,0.5613
CG_01,Childish Gambino,hip-hop,narrative,0.5056,0.50589,0.48873,0.45643,0.73924,0.8355,0.55875
CG_02,Childish Gambino,hip-hop,narrative,0.54033,0.49236,0.52576,0.58816,0.72168,0.71193,0.61738
CG_03,Childish Gambino,hip-hop,narrative,0.61225,0.40576,0.52656,0.54929,0.67502,0.66826,0.73571
CG_04,Childish Gambino,hip-hop,narrative,0.57603,0.43978,0.58655,0.51324,0.65791,0.65101,0.68552
CG_05,Childish Gambino,hip-hop,narrative,0.49873,0.53468,0.62451,0.60331,0.61048,0.61262,0.63338
CG_06,Childish Gambino,hip-hop,narrative,0.60103,0.42399,0.50179,0.61353,0.68077,0.6635,0.65694
CG_07,Childish Gambino,hip-hop,narrative,0.51176,0.45628,0.68158,0.24363,0.49982,0.67235,0.8213
CG_08,Childish Gambino,hip-hop,narrative,0.48675,0.53439,0.55072,0.46614,0.72583,0.72492,0.787
CG_09,Childish Gambino,hip-hop,narrative,0.58185,0.42715,0.5696,0.45151,0.69816,0.7056,0.65452
CG_10,Childish Gambino,hip-hop,narrative,0.63278,0.36445,0.42637,0.42935,0.76107,0.83923,0.6744
CG_11,Childish Gambino,hip-hop,narrative,0.50335,0.51195,0.53767,0.50094,0.66351,0.72523,0.68815
CG_12,Childish Gambino,hip-hop,narrative,0.53473,0.48191,0.45996,0.54019,0.70226,0.80377,0.58692
GD_01,Grateful Dead,folk-rock,narrative,0.50302,0.46721,0.67198,0.3477,0.4459,0.65566,0.5825
GD_02,Grateful Dead,folk-rock,narrative,0.39783,0.58961,0.68252,0.32125,0.51776,0.72053,0.5799
GD_03,Grateful Dead,folk-rock,narrative,0.64858,0.32874,0.51941,0.32045,0.68107,0.79198,0.6567
GD_04,Grateful Dead,folk-rock,narrative,0.50129,0.47894,0.64642,0.3267,0.52529,0.70278,0.65689
GD_05,Grateful Dead,folk-rock,narrative,0.59467,0.38624,0.54143,0.32821,0.67221,0.76096,0.68297
GD_06,Grateful Dead,folk-rock,narrative,0.4905,0.50708,0.58321,0.40264,0.6186,0.72649,0.69183
GD_07,Grateful Dead,folk-rock,narrative,0.61549,0.36003,0.54957,0.34906,0.60104,0.75736,0.63357
GD_08,Grateful Dead,folk-rock,narrative,0.48162,0.47633,0.65999,0.17451,0.5024,0.7617,0.70078
GD_09,Grateful Dead,folk-rock,narrative,0.45303,0.53081,0.69021,0.29752,0.51985,0.67873,0.72208
GD_10,Grateful Dead,folk-rock,narrative,0.47638,0.50601,0.69477,0.32083,0.48358,0.65522,0.71177
GD_11,Grateful Dead,folk-rock,narrative,0.58876,0.3972,0.6084,0.33819,0.60922,0.70805,0.70314
GD_12,Grateful Dead,folk-rock,narrative,0.53961,0.45926,0.63351,0.43983,0.54806,0.65265,0.67871
GD_13,Grateful Dead,folk-rock,narrative,0.64456,0.34581,0.45986,0.40984,0.71492,0.82727,0.60287
GD_14,Grateful Dead,folk-rock,narrative,0.53346,0.4617,0.59943,0.37526,0.60398,0.71574,0.74234
GD_15,Grateful Dead,folk-rock,narrative,0.51804,0.46573,0.64919,0.34131,0.5303,0.6809,0.68734
BD_01,Bob Dylan,folk,narrative,0.56741,0.41127,0.51409,0.30078,0.65458,0.81579,0.78588
BD_02,Bob Dylan,folk,narrative,0.65039,0.34572,0.36198,0.51544,0.72701,0.81767,0.78144
BD_03,Bob Dylan,folk,narrative,0.52025,0.46292,0.65307,0.38749,0.49759,0.64536,0.68082
BD_04,Bob Dylan,folk,narrative,0.6014,0.37495,0.45956,0.35877,0.6534,0.82938,0.71959
BD_05,Bob Dylan,folk,narrative,0.53163,0.44652,0.58331,0.30214,0.59192,0.75432,0.73493
BD_06,Bob Dylan,folk,narrative,0.50775,0.46551,0.69597,0.31015,0.45267,0.65122,0.6816
BD_07,Bob Dylan,folk,narrative,0.66481,0.31938,0.5016,0.44217,0.62085,0.73455,0.64278
BD_08,Bob Dylan,folk,narrative,0.51748,0.47337,0.61202,0.42243,0.52995,0.6462,0.7817
BD_09,Bob Dylan,folk,narrative,0.42009,0.55634,0.70491,0.28264,0.45346,0.66886,0.73133
BD_10,Bob Dylan,folk,narrative,0.47003,0.50033,0.62555,0.22648,0.54018,0.77376,0.74591
BD_11,Bob Dylan,folk,narrative,0.53452,0.4258,0.65094,0.20297,0.51916,0.73202,0.73129
BD_12,Bob Dylan,folk,narrative,0.4972,0.46095,0.72599,0.20808,0.42042,0.65611,0.74685
BD_13,Bob Dylan,folk,narrative,0.4389,0.55153,0.59957,0.37215,0.54734,0.73885,0.70865
BD_14,Bob Dylan,folk,narrative,0.48265,0.50295,0.70938,0.397,0.43708,0.59079,0.66664
BD_15,Bob Dylan,folk,narrative,0.43097,0.5443,0.67784,0.23532,0.50709,0.72244,0.77216
TC_01,Tyler Childers,country,narrative,0.66715,0.35255,0.38345,0.52178,0.86364,0.8264,0.74417
TC_02,Tyler Childers,country,narrative,0.25341,0.7655,0.6886,0.45292,0.50397,0.66377,0.75044
TC_03,Tyler Childers,country,narrative,0.52538,0.48988,0.63086,0.50946,0.61167,0.60884,0.72665
TC_04,Tyler Childers,country,narrative,0.41429,0.60444,0.69379,0.50351,0.53366,0.59352,0.7231
TC_05,Tyler Childers,country,narrative,0.4313,0.54647,0.61592,0.27593,0.53525,0.76982,0.74878
TC_06,Tyler Childers,country,narrative,0.48733,0.51464,0.63238,0.43654,0.57232,0.65835,0.71103
TC_07,Tyler Childers,country,narrative,0.47084,0.53224,0.65986,0.45163,0.52395,0.62792,0.69913
TC_08,Tyler Childers,country,narrative,0.57903,0.41251,0.65169,0.3931,0.5707,0.61207,0.78994
TC_09,Tyler Childers,country,narrative,0.53612,0.4441,0.6949,0.3262,0.50335,0.60858,0.76133
TC_10,Tyler Childers,country,narrative,0.35191,0.67038,0.71723,0.50738,0.48169,0.56927,0.78557
TC_11,Tyler Childers,country,narrative,0.61476,0.39518,0.4067,0.48382,0.80987,0.8265,0.7353
TC_12,Tyler Childers,country,narrative,0.51277,0.50669,0.47085,0.4943,0.74715,0.79631,0.73218
TC_13,Tyler Childers,country,narrative,0.52488,0.4852,0.64582,0.48734,0.58296,0.60542,0.69545
TC_14,Tyler Childers,country,narrative,0.53558,0.47395,0.62185,0.47373,0.61341,0.63878,0.70365
TC_15,Tyler Childers,country,narrative,0.59184,0.40549,0.42604,0.44525,0.73476,0.81824,0.77778
JI_01,Jason Isbell,country,narrative,0.23463,0.77573,0.69003,0.38221,0.49257,0.70686,0.78557
JI_02,Jason Isbell,country,narrative,0.43065,0.55514,0.66479,0.29807,0.5315,0.71564,0.7252
JI_03,Jason Isbell,country,narrative,0.5493,0.45159,0.54685,0.44907,0.64199,0.72869,0.68035
JI_04,Jason Isbell,country,narrative,0.59398,0.39635,0.47563,0.39562,0.70276,0.81703,0.65459
JI_05,Jason Isbell,country,narrative,0.52574,0.43793,0.70289,0.22887,0.46208,0.65971,0.77386
JI_06,Jason Isbell,country,narrative,0.53762,0.44689,0.56112,0.32492,0.63132,0.78223,0.70488
JI_07,Jason Isbell,country,narrative,0.50254,0.48523,0.66488,0.35061,0.53266,0.66048,0.73845
JI_08,Jason Isbell,country,narrative,0.34329,0.65479,0.67234,0.37091,0.48704,0.68893,0.78911
JI_09,Jason Isbell,country,narrative,0.44395,0.51544,0.79744,0.1987,0.35957,0.58985,0.75397
JI_10,Jason Isbell,country,narrative,0.60154,0.37303,0.59436,0.31108,0.57524,0.70097,0.78837
JI_11,Jason Isbell,country,narrative,0.56247,0.42282,0.67574,0.39349,0.50912,0.59577,0.72435
JI_12,Jason Isbell,country,narrative,0.42079,0.55477,0.80821,0.2777,0.35056,0.55581,0.78398
SS_01,Sturgill Simpson,country,narrative,0.53506,0.44807,0.71576,0.30533,0.5216,0.6151,0.78646
SS_02,Sturgill Simpson,country,narrative,0.53612,0.45433,0.70598,0.36599,0.53608,0.59674,0.73941
SS_03,Sturgill Simpson,country,narrative,0.42643,0.58798,0.66735,0.47989,0.56127,0.6313,0.64813
SS_04,Sturgill Simpson,country,narrative,0.49706,0.52421,0.62722,0.52542,0.62537,0.62995,0.68469
SS_05,Sturgill Simpson,country,narrative,0.36931,0.61744,0.79917,0.30909,0.40121,0.59329,0.72238
SS_06,Sturgill Simpson,country,narrative,0.4356,0.55866,0.55945,0.37406,0.59635,0.76322,0.78696
SS_07,Sturgill Simpson,country,narrative,0.71164,0.29138,0.35561,0.50561,0.83412,0.84998,0.62225
SS_08,Sturgill Simpson,country,narrative,0.47679,0.49026,0.71659,0.22987,0.46021,0.66318,0.78824
SS_09,Sturgill Simpson,country,narrative,0.68701,0.29562,0.47224,0.40982,0.69526,0.78014,0.61043
SS_10,Sturgill Simpson,country,narrative,0.43512,0.53987,0.77755,0.25337,0.45371,0.60074,0.7327
SS_11,Sturgill Simpson,country,narrative,0.45313,0.52879,0.73925,0.30558,0.46656,0.61868,0.68243
SS_12,Sturgill Simpson,country,narrative,0.50043,0.48345,0.70067,0.338,0.50845,0.63334,0.68546
KM_01,Kacey Musgraves,country,narrative,0.71613,0.29586,0.38524,0.4901,0.86279,0.82491,0.74787
KM_02,Kacey Musgraves,country,narrative,0.69821,0.30941,0.45633,0.48708,0.78036,0.7544,0.73645
KM_03,Kacey Musgraves,country,narrative,0.41969,0.60705,0.64119,0.56495,0.55313,0.62991,0.67458
KM_04,Kacey Musgraves,country,narrative,0.46485,0.56249,0.57815,0.51808,0.67978,0.67275,0.79739
KM_05,Kacey Musgraves,country,narrative,0.36731,0.66212,0.56446,0.55452,0.60665,0.7069,0.78994
KM_06,Kacey Musgraves,country,narrative,0.63218,0.3598,0.50895,0.37427,0.71064,0.76171,0.8034
KM_07,Kacey Musgraves,country,narrative,0.52235,0.50626,0.55546,0.56846,0.6802,0.68322,0.70419
KM_08,Kacey Musgraves,country,narrative,0.54684,0.46494,0.58712,0.51893,0.62348,0.65753,0.66235
KM_09,Kacey Musgraves,country,narrative,0.33611,0.68644,0.70022,0.50937,0.49737,0.60808,0.73125
KM_10,Kacey Musgraves,country,narrative,0.51807,0.51584,0.57528,0.6348,0.63283,0.63139,0.65015
KM_11,Kacey Musgraves,country,narrative,0.52686,0.47095,0.65553,0.38287,0.60367,0.6464,0.69158
KM_12,Kacey Musgraves,country,narrative,0.58457,0.42429,0.56336,0.44822,0.68715,0.69628,0.77081
JP_01,John Prine,folk,narrative,0.44345,0.55727,0.61978,0.37403,0.60524,0.71378,0.753
JP_02,John Prine,folk,narrative,0.43985,0.53659,0.66042,0.25306,0.53126,0.71884,0.80706
JP_03,John Prine,folk,narrative,0.36446,0.60177,0.8087,0.19791,0.35752,0.59548,0.81374
JP_04,John Prine,folk,narrative,0.52612,0.4563,0.53481,0.32535,0.63529,0.80546,0.7077
JP_05,John Prine,folk,narrative,0.53136,0.46353,0.59565,0.46142,0.53949,0.66179,0.67358
JP_06,John Prine,folk,narrative,0.49224,0.48319,0.62745,0.27931,0.54288,0.73022,0.76176
JP_07,John Prine,folk,narrative,0.46982,0.51112,0.58854,0.30724,0.56728,0.77564,0.73684
JP_08,John Prine,folk,narrative,0.4409,0.54401,0.62009,0.30075,0.5597,0.75454,0.71362
JP_09,John Prine,folk,narrative,0.53255,0.44658,0.56434,0.31107,0.61802,0.79131,0.65389
JP_10,John Prine,folk,narrative,0.45264,0.53568,0.62001,0.30082,0.59815,0.74405,0.77286
JP_11,John Prine,folk,narrative,0.38791,0.59365,0.75898,0.30498,0.42571,0.62982,0.61923
JP_12,John Prine,folk,narrative,0.57179,0.42911,0.49621,0.41897,0.73004,0.77426,0.74346
GW_01,Gillian Welch,folk,narrative,0.37115,0.59659,0.78657,0.19605,0.38565,0.62951,0.80747
GW_02,Gillian Welch,folk,narrative,0.52621,0.44599,0.60974,0.25918,0.57621,0.7348,0.82912
GW_03,Gillian Welch,folk,narrative,0.51895,0.46541,0.53639,0.36428,0.6062,0.75917,0.8031
GW_04,Gillian Welch,folk,narrative,0.29257,0.72214,0.61658,0.45688,0.53806,0.72392,0.7925
GW_05,Gillian Welch,folk,narrative,0.32841,0.65635,0.80386,0.32505,0.36891,0.56856,0.78352
GW_06,Gillian Welch,folk,narrative,0.45717,0.52971,0.67714,0.29508,0.53784,0.68534,0.81661
GW_07,Gillian Welch,folk,narrative,0.46556,0.52833,0.60644,0.36012,0.58969,0.72834,0.76754
GW_08,Gillian Welch,folk,narrative,0.48685,0.48817,0.61052,0.31219,0.53564,0.72336,0.7899
GW_09,Gillian Welch,folk,narrative,0.52621,0.44599,0.60974,0.25918,0.57621,0.7348,0.82912
GW_10,Gillian Welch,folk,narrative,0.30597,0.68632,0.78554,0.30887,0.3984,0.60489,0.8448
GW_11,Gillian Welch,folk,narrative,0.29099,0.71313,0.69569,0.38051,0.47546,0.65549,0.8627
GW_12,Gillian Welch,folk,narrative,0.35746,0.65911,0.52589,0.46841,0.6518,0.80215,0.72478
CW_01,Colter Wall,country,narrative,0.48174,0.51235,0.54795,0.34322,0.65875,0.80023,0.72068
CW_02,Colter Wall,country,narrative,0.38491,0.61412,0.75223,0.35465,0.49949,0.61174,0.71293
CW_03,Colter Wall,country,narrative,0.47445,0.51753,0.55895,0.32744,0.64526,0.80019,0.72042
CW_04,Colter Wall,country,narrative,0.48977,0.50119,0.62122,0.36542,0.57492,0.71597,0.64736
CW_05,Colter Wall,country,narrative,0.50842,0.48086,0.57681,0.34223,0.62939,0.77618,0.6039
CW_06,Colter Wall,country,narrative,0.37878,0.60371,0.84002,0.28826,0.37222,0.53012,0.69324
CW_07,Colter Wall,country,narrative,0.53023,0.46578,0.53347,0.38092,0.68284,0.78391,0.67919
CW_08,Colter Wall,country,narrative,0.51638,0.45518,0.65543,0.2378,0.56726,0.71621,0.73163
CW_09,Colter Wall,country,narrative,0.55871,0.4224,0.59386,0.27917,0.65192,0.75925,0.69976
CW_10,Colter Wall,country,narrative,0.47811,0.51797,0.65193,0.37995,0.55344,0.69213,0.65296
CW_11,Colter Wall,country,narrative,0.51766,0.48872,0.62157,0.47527,0.56115,0.62705,0.79628
CW_12,Colter Wall,country,narrative,0.55871,0.4224,0.59386,0.27917,0.65192,0.75925,0.69976
TS_01,Taylor Swift,pop,production,0.52869,0.45513,0.69132,0.33838,0.50143,0.63969,0.71439
TS_02,Taylor Swift,pop,production,0.70553,0.31209,0.34688,0.6013,0.82365,0.83109,0.58272
TS_03,Taylor Swift,pop,production,0.55787,0.42625,0.59527,0.39899,0.53432,0.70369,0.6663
TS_04,Taylor Swift,pop,production,0.56993,0.44778,0.55064,0.59774,0.62718,0.68105,0.50618
TS_05,Taylor Swift,pop,production,0.57149,0.4451,0.59945,0.51779,0.63125,0.63475,0.72396
TS_06,Taylor Swift,pop,production,0.52307,0.48853,0.63642,0.47311,0.58418,0.63226,0.7341
TS_07,Taylor Swift,pop,production,0.38588,0.61853,0.63567,0.39108,0.56178,0.72883,0.6921
TS_08,Taylor Swift,pop,production,0.42345,0.55796,0.75249,0.30933,0.41571,0.61901,0.72471
TS_09,Taylor Swift,pop,production,0.32052,0.67024,0.81768,0.34498,0.3567,0.58409,0.64022
TS_10,Taylor Swift,pop,production,0.50091,0.49721,0.69788,0.37358,0.54349,0.61836,0.74154
TS_11,Taylor Swift,pop,production,0.56638,0.42144,0.60732,0.44743,0.51122,0.69454,0.53763
TS_12,Taylor Swift,pop,production,0.47836,0.55773,0.46897,0.60679,0.74652,0.78044,0.59821
TS_13,Taylor Swift,pop,production,0.56273,0.46187,0.53101,0.56533,0.70573,0.6956,0.61206
TS_14,Taylor Swift,pop,production,0.53433,0.45071,0.58559,0.31973,0.62161,0.76646,0.67408
TS_15,Taylor Swift,pop,production,0.4856,0.5227,0.70646,0.47138,0.50002,0.55266,0.72091
TW_01,The Weeknd,pop,production,0.47136,0.56441,0.61872,0.60131,0.62094,0.62249,0.68773
TW_02,The Weeknd,pop,production,0.56628,0.41539,0.63028,0.33326,0.56032,0.69649,0.70929
TW_03,The Weeknd,pop,production,0.56354,0.45914,0.5694,0.48012,0.72658,0.71048,0.69222
TW_04,The Weeknd,pop,production,0.47752,0.55111,0.57221,0.55905,0.64342,0.67078,0.75907
TW_05,The Weeknd,pop,production,0.61832,0.3974,0.54671,0.53512,0.66886,0.66865,0.70428
TW_06,The Weeknd,pop,production,0.54687,0.47425,0.51491,0.52505,0.70123,0.74607,0.66725
TW_07,The Weeknd,pop,production,0.45641,0.53463,0.64186,0.35764,0.52701,0.70346,0.72993
TW_08,The Weeknd,pop,production,0.49009,0.5303,0.6999,0.51505,0.54749,0.55986,0.6967
TW_09,The Weeknd,pop,production,0.57234,0.47766,0.37054,0.65432,0.86421,0.82708,0.73995
TW_10,The Weeknd,pop,production,0.63797,0.38696,0.48266,0.59008,0.748,0.74049,0.55761
TW_11,The Weeknd,pop,production,0.45493,0.59507,0.49156,0.63704,0.75298,0.72703,0.76417
TW_12,The Weeknd,pop,production,0.41593,0.60023,0.64068,0.46633,0.56653,0.64366,0.81156
TW_13,The Weeknd,pop,production,0.41857,0.59039,0.67472,0.45107,0.51023,0.65688,0.66952
TW_14,The Weeknd,pop,production,0.64929,0.36913,0.48575,0.56076,0.73941,0.72801,0.60903
TW_15,The Weeknd,pop,production,0.53987,0.48715,0.52997,0.57757,0.67975,0.68817,0.72874
DL_01,Dua Lipa,pop,production,0.64043,0.37261,0.53161,0.55265,0.67992,0.67621,0.62393
DL_02,Dua Lipa,pop,production,0.7035,0.30797,0.46921,0.55311,0.74462,0.73582,0.57922
DL_03,Dua Lipa,pop,production,0.65965,0.36193,0.4324,0.56527,0.79628,0.77622,0.6337
DL_04,Dua Lipa,pop,production,0.6459,0.36813,0.50905,0.55259,0.70984,0.70292,0.59511
DL_05,Dua Lipa,pop,production,0.66788,0.34419,0.50192,0.51856,0.73763,0.72613,0.62373
DL_06,Dua Lipa,pop,production,0.65859,0.34958,0.51924,0.52128,0.66669,0.70195,0.65055
DL_07,Dua Lipa,pop,production,0.63029,0.36703,0.48619,0.5104,0.62866,0.7395,0.5911
DL_08,Dua Lipa,pop,production,0.61584,0.40945,0.48903,0.58464,0.73047,0.71611,0.66874
DL_09,Dua Lipa,pop,production,0.57104,0.44585,0.54117,0.52722,0.68147,0.72233,0.57199
DL_10,Dua Lipa,pop,production,0.53036,0.51026,0.48912,0.69895,0.70039,0.69887,0.55443
DL_11,Dua Lipa,pop,production,0.51444,0.52335,0.50572,0.63172,0.70932,0.6945,0.66394
DL_12,Dua Lipa,pop,production,0.53664,0.47329,0.58938,0.46692,0.62995,0.65516,0.7947
DL_13,Dua Lipa,pop,production,0.57394,0.45862,0.51182,0.60839,0.73014,0.72626,0.56061
DL_14,Dua Lipa,pop,production,0.63103,0.37975,0.51691,0.53389,0.6762,0.70089,0.68552
DL_15,Dua Lipa,pop,production,0.57352,0.46922,0.43693,0.6958,0.74773,0.73051,0.67295
AG_01,Ariana Grande,pop,production,0.54309,0.48654,0.56031,0.57259,0.68202,0.67137,0.68415
AG_02,Ariana Grande,pop,production,0.45311,0.55558,0.72002,0.47094,0.47125,0.56522,0.75371
AG_03,Ariana Grande,pop,production,0.77165,0.24388,0.38675,0.59685,0.79543,0.77521,0.64005
AG_04,Ariana Grande,pop,production,0.496,0.55245,0.46263,0.64638,0.77169,0.75483,0.73925
AG_05,Ariana Grande,pop,production,0.66899,0.34631,0.46126,0.58581,0.70613,0.71054,0.69179
AG_06,Ariana Grande,pop,production,0.60746,0.42003,0.49109,0.65314,0.66776,0.65563,0.6799
AG_07,Ariana Grande,pop,production,0.56319,0.45311,0.56881,0.5281,0.65596,0.70304,0.52322
AG_08,Ariana Grande,pop,production,0.74889,0.26461,0.36185,0.55663,0.84193,0.81179,0.67609
AG_09,Ariana Grande,pop,production,0.56414,0.47379,0.44629,0.67501,0.72197,0.72467,0.70211
AG_10,Ariana Grande,pop,production,0.50099,0.53385,0.55482,0.63501,0.63864,0.64552,0.70691
AG_11,Ariana Grande,pop,production,0.67948,0.33838,0.45137,0.59902,0.73236,0.71845,0.65514
AG_12,Ariana Grande,pop,production,0.43249,0.59297,0.6379,0.56568,0.54438,0.62567,0.66831
ES_01,Ed Sheeran,pop,production,0.65399,0.35946,0.4803,0.52581,0.75233,0.73497,0.63265
ES_02,Ed Sheeran,pop,production,0.317,0.72001,0.72394,0.59857,0.46265,0.53358,0.77568
ES_03,Ed Sheeran,pop,production,0.50256,0.49874,0.69404,0.43737,0.5318,0.60705,0.64104
ES_04,Ed Sheeran,pop,production,0.45656,0.51738,0.80659,0.24622,0.40487,0.54793,0.72167
ES_05,Ed Sheeran,pop,production,0.62887,0.38839,0.46171,0.54163,0.77966,0.76417,0.59533
ES_06,Ed Sheeran,pop,production,0.62746,0.38966,0.52207,0.59294,0.67156,0.66876,0.59189
ES_07,Ed Sheeran,pop,production,0.6217,0.3995,0.49619,0.56293,0.72781,0.71261,0.68678
ES_08,Ed Sheeran,pop,production,0.7364,0.28241,0.3655,0.63363,0.79883,0.77984,0.61785
ES_09,Ed Sheeran,pop,production,0.62234,0.3988,0.51762,0.55107,0.72027,0.7085,0.61793
ES_10,Ed Sheeran,pop,production,0.58811,0.40014,0.68757,0.36875,0.53616,0.6053,0.76151
ES_11,Ed Sheeran,pop,production,0.60105,0.42071,0.43353,0.52046,0.80562,0.80935,0.68263
ES_12,Ed Sheeran,pop,production,0.49362,0.49172,0.7057,0.34761,0.49638,0.6186,0.68978
BE_01,Billie Eilish,pop,production,0.47687,0.52012,0.59245,0.36713,0.62112,0.74485,0.68346
BE_02,Billie Eilish,pop,production,0.40454,0.5782,0.75381,0.27743,0.46232,0.58895,0.84278
BE_03,Billie Eilish,pop,production,0.58582,0.40024,0.61187,0.34306,0.60817,0.66923,0.80058
BE_04,Billie Eilish,pop,production,0.50668,0.47415,0.63921,0.27683,0.57219,0.69416,0.82888
BE_05,Billie Eilish,pop,production,0.61437,0.38563,0.63029,0.41124,0.62042,0.59891,0.82248
BE_06,Billie Eilish,pop,production,0.35904,0.64715,0.80653,0.37547,0.48893,0.55134,0.63277
BE_07,Billie Eilish,pop,production,0.56548,0.44914,0.62337,0.47313,0.66763,0.66916,0.54953
BE_08,Billie Eilish,pop,production,0.54754,0.43047,0.6367,0.26883,0.58763,0.70306,0.79991
BE_09,Billie Eilish,pop,production,0.42673,0.60032,0.67633,0.49895,0.62104,0.62062,0.67566
BE_10,Billie Eilish,pop,production,0.64229,0.35831,0.44569,0.39995,0.79958,0.82337,0.75614
BE_11,Billie Eilish,pop,production,0.43318,0.60422,0.47821,0.52377,0.81282,0.78978,0.76577
BE_12,Billie Eilish,pop,production,0.5296,0.45657,0.64795,0.34385,0.54882,0.66379,0.77425
HS_01,Harry Styles,pop,production,0.71874,0.29012,0.3847,0.47341,0.87732,0.84498,0.65497
HS_02,Harry Styles,pop,production,0.58246,0.44075,0.54571,0.60416,0.64912,0.64403,0.66039
HS_03,Harry Styles,pop,production,0.49732,0.54462,0.54198,0.66926,0.6658,0.66252,0.63849
HS_04,Harry Styles,pop,production,0.67619,0.33724,0.48107,0.50181,0.773,0.7555,0.64091
HS_05,Harry Styles,pop,production,0.44882,0.58815,0.57092,0.62249,0.6319,0.66511,0.68145
HS_06,Harry Styles,pop,production,0.55912,0.43019,0.59229,0.39407,0.58555,0.68339,0.74403
HS_07,Harry Styles,pop,production,0.55382,0.43191,0.63218,0.33951,0.58982,0.65484,0.81234
HS_08,Harry Styles,pop,production,0.70224,0.30049,0.49867,0.48322,0.73222,0.71887,0.65956
HS_09,Harry Styles,pop,production,0.60971,0.41536,0.48966,0.60162,0.72406,0.71554,0.60388
HS_10,Harry Styles,pop,production,0.56258,0.4612,0.55294,0.55749,0.69691,0.69367,0.59889
HS_11,Harry Styles,pop,production,0.50301,0.51847,0.59867,0.48358,0.67414,0.65461,0.82916
HS_12,Harry Styles,pop,production,0.61803,0.39535,0.557,0.50906,0.70228,0.70023,0.55953
OR_01,Olivia Rodrigo,pop,production,0.42534,0.59618,0.53359,0.50276,0.67395,0.7616,0.68902
OR_02,Olivia Rodrigo,pop,production,0.59979,0.41134,0.58861,0.54337,0.6203,0.6206,0.60349
OR_03,Olivia Rodrigo,pop,production,0.52788,0.4576,0.67717,0.37267,0.50503,0.6162,0.68984
OR_04,Olivia Rodrigo,pop,production,0.68325,0.33171,0.46469,0.57027,0.72806,0.71224,0.68116
OR_05,Olivia Rodrigo,pop,production,0.37791,0.64998,0.52147,0.52342,0.66902,0.76999,0.75204
OR_06,Olivia Rodrigo,pop,production,0.52935,0.49689,0.42155,0.53365,0.80084,0.83054,0.70028
OR_07,Olivia Rodrigo,pop,production,0.60675,0.39113,0.49762,0.47013,0.66297,0.74658,0.6653
OR_08,Olivia Rodrigo,pop,production,0.72833,0.27729,0.43483,0.54589,0.75784,0.745,0.61126
OR_09,Olivia Rodrigo,pop,production,0.73398,0.2767,0.33947,0.58134,0.81747,0.82698,0.6076
OR_10,Olivia Rodrigo,pop,production,0.41166,0.62817,0.5908,0.61708,0.59818,0.64354,0.73333
OR_11,Olivia Rodrigo,pop,production,0.55787,0.42127,0.63296,0.32356,0.54966,0.67611,0.75255
OR_12,Olivia Rodrigo,pop,production,0.56231,0.43765,0.4649,0.40255,0.73389,0.81802,0.75934
DP_01,Daft Punk,electronic,production,0.56624,0.45221,0.55669,0.50667,0.70459,0.72126,0.57978
DP_02,Daft Punk,electronic,production,0.48754,0.51516,0.53878,0.5005,0.62201,0.76449,0.44326
DP_03,Daft Punk,electronic,production,0.59301,0.41169,0.48969,0.53624,0.68388,0.76272,0.44802
DP_04,Daft Punk,electronic,production,0.66744,0.32929,0.45633,0.56255,0.62637,0.74434,0.53868
DP_05,Daft Punk,electronic,production,0.45016,0.58088,0.60809,0.5236,0.66212,0.69053,0.6696
DP_06,Daft Punk,electronic,production,0.49644,0.51591,0.6231,0.49228,0.58978,0.66918,0.61937
DP_07,Daft Punk,electronic,production,0.39582,0.59314,0.69636,0.36663,0.51819,0.72688,0.32419
DP_08,Daft Punk,electronic,production,0.60124,0.37414,0.57594,0.35089,0.58915,0.7248,0.62676
DP_09,Daft Punk,electronic,production,0.26213,0.74798,0.72049,0.37502,0.49678,0.65348,0.82016
DP_10,Daft Punk,electronic,production,0.52436,0.47499,0.61282,0.40112,0.62099,0.72188,0.57321
DP_11,Daft Punk,electronic,production,0.52582,0.4786,0.58998,0.40439,0.66383,0.74085,0.63365
DP_12,Daft Punk,electronic,production,0.76702,0.23505,0.42052,0.52848,0.78636,0.77446,0.55841
DP_13,Daft Punk,electronic,production,0.6854,0.33805,0.40111,0.66352,0.744,0.74714,0.5839
DP_14,Daft Punk,electronic,production,0.45217,0.5251,0.57797,0.25504,0.61528,0.80515,0.69871
DP_15,Daft Punk,electronic,production,0.53877,0.44994,0.61252,0.3822,0.56569,0.72039,0.58768
DS_01,Disclosure,electronic,production,0.60638,0.41312,0.50946,0.54476,0.73033,0.7414,0.55504
DS_02,Disclosure,electronic,production,0.65275,0.37411,0.4542,0.62706,0.74547,0.73621,0.56938
DS_03,Disclosure,electronic,production,0.59015,0.42446,0.41115,0.57977,0.70812,0.78534,0.67019
DS_04,Disclosure,electronic,production,0.60009,0.42737,0.52559,0.64426,0.65083,0.66253,0.55125
DS_05,Disclosure,electronic,production,0.66349,0.34954,0.33045,0.56679,0.80893,0.87166,0.60837
DS_06,Disclosure,electronic,production,0.64278,0.37223,0.44131,0.61377,0.7226,0.75021,0.47471
DS_07,Disclosure,electronic,production,0.53839,0.50211,0.51569,0.74319,0.63018,0.63267,0.53783
DS_08,Disclosure,electronic,production,0.50971,0.53251,0.51392,0.67728,0.69336,0.69436,0.59113
DS_09,Disclosure,electronic,production,0.46652,0.54766,0.58783,0.53265,0.57088,0.70034,0.55181
DS_11,Disclosure,electronic,production,0.56378,0.45648,0.56018,0.51866,0.70129,0.70013,0.59625
DS_12,Disclosure,electronic,production,0.55992,0.45483,0.54377,0.51484,0.68906,0.73689,0.50514
DS_13,Disclosure,electronic,production,0.62845,0.39654,0.47871,0.59165,0.74043,0.72917,0.60102
DS_14,Disclosure,electronic,production,0.6118,0.37024,0.52581,0.33204,0.66588,0.77364,0.73025
DS_15,Disclosure,electronic,production,0.54318,0.47797,0.57346,0.51994,0.69183,0.68518,0.62286
CB_01,Caribou,psychedelic-electronic,production,0.36447,0.62017,0.79789,0.33406,0.39625,0.57066,0.63961
CB_02,Caribou,psychedelic-electronic,production,0.44294,0.58846,0.54423,0.57426,0.63498,0.73036,0.68778
CB_03,Caribou,psychedelic-electronic,production,0.65281,0.35095,0.45676,0.58258,0.66347,0.72517,0.56365
CB_04,Caribou,psychedelic-electronic,production,0.59003,0.42237,0.53132,0.45953,0.72267,0.75406,0.65395
CB_05,Caribou,psychedelic-electronic,production,0.59216,0.41069,0.47942,0.44496,0.74861,0.80596,0.5605
CB_06,Caribou,psychedelic-electronic,production,0.52747,0.48112,0.59872,0.42627,0.69021,0.71757,0.58347
CB_07,Caribou,psychedelic-electronic,production,0.60632,0.40636,0.46651,0.44504,0.79887,0.8168,0.63341
CB_08,Caribou,psychedelic-electronic,production,0.71558,0.29224,0.43711,0.44539,0.83073,0.79649,0.74866
CB_09,Caribou,psychedelic-electronic,production,0.40785,0.61257,0.52882,0.42906,0.73926,0.80471,0.71506
CB_10,Caribou,psychedelic-electronic,production,0.54428,0.4507,0.59654,0.36421,0.64992,0.73087,0.67387
CB_11,Caribou,psychedelic-electronic,production,0.55659,0.45784,0.59567,0.43634,0.70176,0.68579,0.75255
CB_12,Caribou,psychedelic-electronic,production,0.49321,0.53101,0.60246,0.50023,0.68441,0.675,0.67064
JB_01,James Blake,electronic,production,0.4361,0.603,0.52174,0.56001,0.75157,0.72589,0.77785
JB_02,James Blake,electronic,production,0.33309,0.66664,0.78792,0.35755,0.43506,0.58808,0.73209
JB_03,James Blake,electronic,production,0.48126,0.48277,0.60029,0.15713,0.65013,0.87796,0.48846
JB_04,James Blake,electronic,production,0.57223,0.44183,0.53276,0.4316,0.75067,0.74129,0.8051
JB_05,James Blake,electronic,production,0.48951,0.54077,0.51392,0.52547,0.7572,0.7716,0.64999
JB_06,James Blake,electronic,production,0.41245,0.59189,0.5784,0.43142,0.59094,0.71692,0.82785
JB_07,James Blake,electronic,production,0.44755,0.55033,0.62788,0.33932,0.62552,0.7674,0.58205
JB_08,James Blake,electronic,production,0.51727,0.49577,0.63239,0.50288,0.60047,0.59281,0.73457
JB_09,James Blake,electronic,production,0.2307,0.79978,0.76566,0.47493,0.50608,0.57215,0.73937
JB_10,James Blake,electronic,production,0.38499,0.64191,0.55856,0.48628,0.67618,0.7415,0.79319
JB_11,James Blake,electronic,production,0.44279,0.57757,0.52734,0.50893,0.64492,0.7511,0.75038
JB_12,James Blake,electronic,production,0.54783,0.46919,0.59206,0.45863,0.68529,0.67465,0.795
LCD_01,LCD Soundsystem,electronic,production,0.62098,0.34795,0.52791,0.33262,0.6053,0.77038,0.66555
LCD_02,LCD Soundsystem,electronic,production,0.67505,0.32204,0.45398,0.5092,0.69134,0.7849,0.49238
LCD_03,LCD Soundsystem,electronic,production,0.50827,0.51829,0.53041,0.58401,0.68008,0.7225,0.58622
LCD_04,LCD Soundsystem,electronic,production,0.61618,0.37063,0.47066,0.45288,0.64323,0.78496,0.59554
LCD_05,LCD Soundsystem,electronic,production,0.30026,0.70801,0.69478,0.40773,0.46744,0.70823,0.65098
LCD_06,LCD Soundsystem,electronic,production,0.7121,0.27305,0.47528,0.42959,0.70647,0.78596,0.49272
LCD_07,LCD Soundsystem,electronic,production,0.59697,0.39391,0.47152,0.42996,0.67793,0.78013,0.72291
LCD_08,LCD Soundsystem,electronic,production,0.45317,0.55002,0.68266,0.39575,0.54155,0.63679,0.76668
LCD_09,LCD Soundsystem,electronic,production,0.49538,0.50034,0.51086,0.35136,0.69235,0.84587,0.64904
LCD_10,LCD Soundsystem,electronic,production,0.57518,0.41417,0.50783,0.46986,0.6009,0.76444,0.50606
LCD_11,LCD Soundsystem,electronic,production,0.5104,0.4943,0.59531,0.49682,0.56119,0.69005,0.54844
LCD_12,LCD Soundsystem,electronic,production,0.34752,0.64407,0.75459,0.28223,0.46997,0.66952,0.71896
BN_01,Bonobo,electronic,production,0.42827,0.59492,0.62086,0.54902,0.6013,0.68701,0.4774
BN_02,Bonobo,electronic,production,0.40465,0.60386,0.63625,0.40309,0.60486,0.714,0.66921
BN_03,Bonobo,electronic,production,0.56692,0.42557,0.58748,0.40613,0.60233,0.69945,0.69077
BN_04,Bonobo,electronic,production,0.45036,0.54397,0.67531,0.33459,0.53089,0.66799,0.8344
BN_05,Bonobo,electronic,production,0.40279,0.63477,0.58181,0.57317,0.64384,0.69468,0.70908
BN_06,Bonobo,electronic,production,0.43072,0.60217,0.55561,0.61241,0.61049,0.68342,0.68164
BN_07,Bonobo,electronic,production,0.40261,0.63691,0.57943,0.5433,0.7102,0.70427,0.72819
BN_08,Bonobo,electronic,production,0.49154,0.51004,0.67492,0.45252,0.47498,0.60085,0.72554
BN_09,Bonobo,electronic,production,0.34227,0.67152,0.78634,0.44042,0.44711,0.55896,0.66327
BN_10,Bonobo,electronic,production,0.52119,0.478,0.59846,0.35934,0.65154,0.73821,0.731
BN_11,Bonobo,electronic,production,0.35984,0.66745,0.62373,0.57685,0.55148,0.63563,0.72142
BN_12,Bonobo,electronic,production,0.58742,0.42917,0.42952,0.49857,0.76761,0.83571,0.68845
GZ_01,Gorillaz,psychedelic-electronic,production,0.54488,0.47933,0.45349,0.6058,0.72191,0.77595,0.53153
GZ_02,Gorillaz,psychedelic-electronic,production,0.61657,0.39698,0.46442,0.63028,0.62709,0.72301,0.57087
GZ_03,Gorillaz,psychedelic-electronic,production,0.54417,0.50227,0.35988,0.66042,0.8626,0.85344,0.60825
GZ_04,Gorillaz,psychedelic-electronic,production,0.63855,0.38503,0.48919,0.58187,0.71663,0.6986,0.76647
GZ_05,Gorillaz,psychedelic-electronic,production,0.50941,0.49932,0.56627,0.58268,0.55077,0.65956,0.57984
GZ_06,Gorillaz,psychedelic-electronic,production,0.39728,0.60349,0.68641,0.42291,0.47009,0.66111,0.66164
GZ_07,Gorillaz,psychedelic-electronic,production,0.26205,0.75883,0.69977,0.48306,0.46487,0.62616,0.80511
GZ_08,Gorillaz,psychedelic-electronic,production,0.6319,0.39914,0.40436,0.63543,0.80398,0.78542,0.57223
GZ_09,Gorillaz,psychedelic-electronic,production,0.73138,0.26216,0.49965,0.44206,0.72393,0.75159,0.58
GZ_10,Gorillaz,psychedelic-electronic,production,0.578,0.4453,0.46636,0.55929,0.77156,0.75398,0.65278
GZ_11,Gorillaz,psychedelic-electronic,production,0.55474,0.45162,0.59496,0.48436,0.60944,0.68864,0.55795
GZ_12,Gorillaz,psychedelic-electronic,production,0.63121,0.38776,0.52399,0.57195,0.69799,0.69538,0.59311
