song_id,n_segments,alignment_method,mean_lmc_all,sd_lmc,max_lmc,min_lmc,mean_lmc_verse,mean_lmc_chorus,mean_lmc_bridge,mean_lmc_intro,mean_lmc_outro
RTJ_01,4,whisperx,0.33240510991217154,0.08040963086804868,0.4161903693849592,0.20692509563017014,0.37423178133950535,,,0.20692509563017014,
RTJ_02,2,whisperx,0.33085833381105445,0.021402744156444026,0.35226107796749845,0.3094555896546104,0.33085833381105445,,,,
RTJ_03,3,whisperx,0.3109344873844639,0.12392670587140803,0.47792944346628663,0.18137991298880732,0.37571177458229216,,,,
RTJ_04,1,whisperx,0.3370336462702746,0.0,0.3370336462702746,0.3370336462702746,0.3370336462702746,,,,
RTJ_05,3,whisperx,0.28227564555484236,0.014156477060460602,0.29441691669450387,0.26241911445806315,0.29220391110323196,0.26241911445806315,,,
RTJ_06,3,whisperx,0.2747284438755991,0.028950077979052056,0.3156372665571999,0.2528556910407302,0.28566482029303353,0.2528556910407302,,,
RTJ_07,3,whisperx,0.420035472097904,0.04729672577901693,0.4573200431755527,0.35330092134116636,0.45340274747627274,0.35330092134116636,,,
RTJ_08,1,whisperx,0.4892460626407238,0.0,0.4892460626407238,0.4892460626407238,0.4892460626407238,,,,
RTJ_09,8,whisperx,0.17250792166429574,0.08789964224094537,0.2720413469871533,0.007516255895905769,0.15828886090388755,,0.2720413469871533,,
RTJ_10,2,whisperx,0.4207858403602748,0.0004400938491193329,0.42122593420939414,0.42034574651115547,0.4207858403602748,,,,
RTJ_11,3,whisperx,0.36769029471674247,0.1433138843094435,0.5702243235767135,0.25984456315481064,0.36769029471674247,,,,
RTJ_12,7,whisperx,0.25069044664615164,0.03213690459747553,0.31327204431265737,0.21664513509591962,0.2634080779544217,0.24227783980472747,,0.21664513509591962,
RTJ_13,4,whisperx,0.361260494277815,0.07029419415501145,0.46246133072479,0.2862279292012277,0.361260494277815,,,,
RTJ_14,3,whisperx,0.22100312139568093,0.05678153051684958,0.2881249729987162,0.14926882673852043,0.21869689986861832,,,,
RTJ_15,2,whisperx,0.36969754478363037,0.000187685878014765,0.36988523066164514,0.3695098589056156,,0.3695098589056156,,,
KL_01,2,whisperx,0.21578337880564008,0.047695507263038006,0.2634788860686781,0.16808787154260207,0.16808787154260207,0.2634788860686781,,,
KL_02,3,whisperx,0.38675567426553964,0.08775670146902421,0.5013412411146168,0.2881776770049082,0.3294628908410011,,,0.5013412411146168,
KL_03,5,whisperx,0.3460086151582905,0.09966028485302579,0.5068393110064593,0.20117430466083674,0.5068393110064593,0.36182737423494693,,0.20117430466083674,
KL_04,6,whisperx,0.33254258271601955,0.037260055917455764,0.36615435270573743,0.2764411198824455,0.35333132920012605,0.3373839060044732,,0.2764411198824455,
KL_05,2,whisperx,0.38357369702688493,0.07197855984749627,0.4555522568743812,0.3115951371793887,0.4555522568743812,0.3115951371793887,,,
KL_06,7,whisperx,0.25808419346398964,0.10876576404009371,0.48294452050672065,0.18333955878186275,0.2444701359437762,0.19239630568061108,,0.20325118253035582,
KL_07,5,whisperx,0.40039751533841084,0.07424565046437555,0.4578865018624685,0.2565209754673421,0.4280457997564988,0.43914026715607113,,0.2565209754673421,
KL_08,7,whisperx,0.425017441049559,0.05774865150964137,0.49518848616315736,0.33697459830283033,0.4383810032098154,0.39373535617008876,,0.4787730092072004,
KL_09,5,whisperx,0.3396498730445793,0.02271706126168967,0.3665796569603674,0.30623856134509825,0.335536717797736,0.3302981363335286,,,
KL_10,6,whisperx,0.3967401967877273,0.07493421708157133,0.4762374647128389,0.2584961756027441,0.36172770207374655,0.47274312089903037,,0.3497718327070639,
KL_11,7,whisperx,0.31938059120934303,0.09254505680833205,0.47396601006959765,0.18385694087250037,0.2819850051665718,0.39276605364782685,,0.2114109620222051,
KL_12,5,whisperx,0.24617150420275008,0.056837435745604015,0.326263634646843,0.15800163070785145,0.24213263267734722,0.23601902550364062,,0.2745542046517748,
KL_13,4,whisperx,0.44469830310386854,0.07041889421436327,0.5125751661504446,0.33696549684469507,0.5022255331023988,0.38199625658131536,,0.5125751661504446,
KL_14,3,whisperx,0.303963530003771,0.019038261961747245,0.3285416893067308,0.2821550653015162,0.29167445035229117,0.3285416893067308,,,
KL_15,7,whisperx,0.29121597144564754,0.11131490252044886,0.38006719180407444,0.058726621979336514,0.3015237355667825,0.358335349950034,0.058726621979336514,0.35854327153978,
JC_01,4,whisperx,0.40645979487714373,0.02060798716785742,0.4323674687377851,0.37597915973577645,0.41662000659093285,0.37597915973577645,,,
JC_02,5,whisperx,0.26748447645005735,0.03126349033447553,0.30423861648254413,0.23355265712663634,0.2817752191848908,0.2688956368045902,,0.23608067027132468,
JC_03,5,whisperx,0.32521443381517534,0.0994183245199486,0.4432451599222742,0.18648591908905074,0.29338341459939654,0.42640971039401643,,,
JC_04,5,whisperx,0.40418314579925774,0.09061809530611424,0.5103224155195782,0.27817274658483226,0.42475373759116264,0.501789701266026,,,
JC_05,7,whisperx,0.3195515978738123,0.07742666865899475,0.4390355926144378,0.20191772649806092,0.39339139822550784,0.2826861837561765,0.20191772649806092,,
JC_06,5,whisperx,0.34455901236713626,0.11861270985929374,0.5599789045338139,0.21005820985500356,0.3009328244311009,0.3736431376578266,,,
JC_07,7,whisperx,0.46650780743495124,0.05347831671020828,0.5333789307718387,0.3905956697925895,0.4523050108483978,0.5238725681604304,0.49365443176771745,,
JC_08,4,whisperx,0.3041727485095965,0.058894156800729666,0.38397636900430543,0.22375419887159234,0.3328367548085436,0.3272632855497067,,0.22375419887159234,
JC_09,4,whisperx,0.42082332223203556,0.08571001217293285,0.549369316296535,0.31702034104089905,0.3776507729738061,0.3786224266839951,,0.549369316296535,
JC_11,4,whisperx,0.45755072620534654,0.049601412131161295,0.5201795930263338,0.3963228855745362,0.48978192637297513,0.44680699281613706,,,
JC_12,3,whisperx,0.3387928532689039,0.03496724567836385,0.3771048484996355,0.29255908485206916,0.3771048484996355,0.29255908485206916,,0.34671462645500695,
JC_13,8,whisperx,0.3568756026169934,0.0741200829878212,0.49827820987612476,0.255835061582496,0.3636956644480535,0.3529802119873839,0.321322318550903,,
JC_14,5,whisperx,0.38193161454853597,0.052020550835528485,0.42825862196179837,0.30454860915006166,0.424578410615273,0.31933450359308735,,0.42183224432595945,
JC_15,4,whisperx,0.25755543651173385,0.07783991063545431,0.3504402664740794,0.1427650841596229,0.22218907340202806,0.2929217996214396,,,
GD_01,1,whisperx,0.28120478972202695,0.0,0.28120478972202695,0.28120478972202695,,0.28120478972202695,,,
GD_02,3,whisperx,0.3100435264983038,0.029861083709838743,0.3515930400253081,0.2827300447259823,0.32370026738446456,0.2827300447259823,,,
GD_03,4,whisperx,0.363687747435965,0.018864698496095896,0.39243769793159,0.339640743793565,0.363687747435965,,,,
GD_04,4,whisperx,0.3348620967454727,0.04096692049781611,0.4000286295748864,0.2878156182967407,0.33565927003895707,0.33247057686501963,,,
GD_05,5,whisperx,0.2023547655500241,0.09750866688191828,0.3514431794850568,0.07005150186556648,0.2023547655500241,,,,
GD_06,5,whisperx,0.3135543748166621,0.05043788248794301,0.3811062499437829,0.2314511996458487,0.29666640603488187,0.3811062499437829,,,
GD_09,6,whisperx,0.3008989686681212,0.12418038050989331,0.4370724300166614,0.08599517437780031,0.3008989686681212,,,,
GD_10,3,whisperx,0.3533399984643279,0.06672827218680506,0.4243772489833758,0.2640229044294286,0.2640229044294286,0.3979985454817775,,,
GD_11,9,whisperx,0.41190515907844927,0.08448804940848494,0.5200834314175213,0.21556383351284372,0.3947939464397499,0.45085699746880126,0.38060570710089014,,
GD_12,5,whisperx,0.31800169605226325,0.04396599203253315,0.36037255181159183,0.25693228487259656,0.30102644881909213,0.32931852754104396,,,
GD_13,5,whisperx,0.3833293566890982,0.0749629891535091,0.5157807081425049,0.3074167876517413,0.35388555869064375,,0.4274950536867797,,
GD_14,5,whisperx,0.3454803931290627,0.11451284954173062,0.45783303817360943,0.1356993435272497,0.2871457392140031,0.3589445788843057,,,
BD_01,2,whisperx,0.4283946714405972,0.011549356276563838,0.439944027717161,0.41684531516403334,0.4283946714405972,,,,
BD_02,5,whisperx,0.3074677190056442,0.08745981014832545,0.431919316131425,0.18959263452363762,0.3074677190056442,,,,
BD_03,7,whisperx,0.19392697153293867,0.058855895838429026,0.28473681431247266,0.09149086386290942,0.17447116165401483,0.2198680513715038,,,
BD_04,5,whisperx,0.300562046219265,0.10642350726015619,0.4022579439260615,0.11305556136130684,0.18439258650446044,0.37800835269580135,,,
BD_05,4,whisperx,0.2899864140604711,0.03410958805194945,0.33435676831221833,0.23862244841480051,0.3155938886273474,0.26437893949359487,,,
BD_06,7,whisperx,0.39637450459105555,0.11435082806820317,0.5427743200687682,0.15028899442014063,0.39637450459105555,,,,
BD_07,17,whisperx,0.22813839494247704,0.08307282304257554,0.3538021046941154,0.07728924262011949,0.2313912722615847,0.21637474479675517,,0.2962245775553903,
BD_08,4,whisperx,0.392310716511304,0.04187753870695833,0.4437887203193376,0.34122491016205914,0.43276336880443045,,,,
BD_09,4,whisperx,0.40269882103047355,0.041156158522520365,0.454083008585334,0.35140734329563145,0.40269882103047355,,,,
BD_10,4,whisperx,0.28404782103687076,0.09008286507934514,0.40207521607528884,0.16241654855669083,0.24470535602406476,,0.40207521607528884,,
BD_11,6,whisperx,0.24961402402995647,0.059417790514706595,0.34463288559611394,0.1853179861885054,0.24961402402995647,,,,
BD_12,10,whisperx,0.2678150205149137,0.12331629232007037,0.413474256755958,-0.01461466585621808,0.2678150205149137,,,,
BD_14,7,whisperx,0.3956640677538818,0.032361286423609394,0.45828346805790565,0.37114255328656165,0.3924930585427962,0.4067869542791344,0.3718084358113811,,
BD_15,5,whisperx,0.30702430848134565,0.04836230990619243,0.3679467023485358,0.23615881092425067,0.30702430848134565,,,,
TC_01,4,whisperx,0.40296681828639497,0.04816275037919528,0.4797274315407092,0.34836459917564655,0.44027282034680915,0.3656608162259808,,,
TC_02,4,whisperx,0.31944162877356885,0.08309968433213097,0.4253840369254759,0.1954446484430162,0.31944162877356885,,,,
TC_03,3,whisperx,0.4299651916473841,0.026098178330791828,0.4667176421581495,0.40865376548422283,0.43768570382118616,0.41452416729978,,,
TC_04,2,whisperx,0.4836916626044353,0.045112199117043755,0.5288038617214791,0.4385794634873916,0.4385794634873916,0.5288038617214791,,,
TC_06,4,whisperx,0.23185092057730097,0.046188529753508636,0.3104851564924999,0.19175785930683345,0.23185092057730097,,,,
TC_07,2,whisperx,0.21224722323887774,0.056882251660032246,0.26912947489891,0.1553649715788455,0.26912947489891,0.1553649715788455,,,
TC_08,4,whisperx,0.455465884511295,0.1103242634209907,0.5774498292590299,0.3230974396121192,0.346835632546035,0.5640961364765551,,,
TC_09,4,whisperx,0.43323359601271016,0.02993062767108989,0.4830465338167021,0.40548542225031525,0.44426597803350865,0.42220121399191174,,,
TC_10,5,whisperx,0.2768501384620069,0.05247113879541402,0.32835262856603437,0.18000406127200602,0.2621562385106939,0.29889098838897654,,,
TC_11,7,whisperx,0.34934093329675,0.09479404522068827,0.48311967854076854,0.18069462450814863,0.34934093329675,,,,
TC_12,3,whisperx,0.2689823086501167,0.046554717594287684,0.306345178625589,0.20335383375758162,0.2503008736623805,0.306345178625589,,,
TC_13,3,whisperx,0.3339574771249012,0.19009814253178986,0.6008940063911592,0.17283740064303132,0.20048921249177215,0.6008940063911592,,,
TC_14,3,whisperx,0.43577834042107294,0.06887204029598613,0.5324320304268293,0.37703107997535945,0.3874514954181949,0.5324320304268293,,,
TC_15,3,whisperx,0.2726095335718742,0.0370131082952223,0.298950058308494,0.2202654553827839,0.2726095335718742,,,,
TS_01,3,whisperx,0.258992762978928,0.0786165528970794,0.3695374555638304,0.19343709085720376,0.2140037425157498,0.3695374555638304,,,
TS_02,8,whisperx,0.28985102902881177,0.04319998041995731,0.37535519240233634,0.23794593305873524,0.317166075684267,0.26119356262534366,0.336931067613757,,
TS_03,1,whisperx,0.3045213803954369,0.0,0.3045213803954369,0.3045213803954369,0.3045213803954369,,,,
TS_04,3,whisperx,0.2596030183615738,0.028422531080955205,0.2849598695503734,0.21991472451659563,0.2524372970334845,0.2739344610177524,,,
TS_05,2,whisperx,0.2555968710483084,0.0010794503451720117,0.25667632139348046,0.25451742070313643,0.25451742070313643,0.25667632139348046,,,
TS_06,3,whisperx,0.2678588261583155,0.05006280852541876,0.30560848184481365,0.19711252428702056,0.19711252428702056,,,,
TS_07,7,whisperx,0.18361644270427405,0.04035391346763878,0.22636338723799948,0.1201537813181889,0.17555060813495488,0.19375669192266393,0.1201537813181889,,
TS_08,5,whisperx,0.2786087191840021,0.05308700912896149,0.33761788372650625,0.20630076656952617,0.25842784694166626,0.28057622013396144,0.315035461768755,,
TS_09,5,whisperx,0.39677888274553796,0.06390572468418304,0.45317203172493187,0.30761380393462795,0.3919270346335215,0.44621327026300955,0.30761380393462795,,
TS_10,11,whisperx,0.25472814798959276,0.05765353069451977,0.34764973817761113,0.15179294281250658,0.25505029494508824,0.25694304889173103,0.19491783600041818,,0.24857387931319783
TS_11,9,fallback_equal,0.2933410576388212,0.08814563830723275,0.4091034516168264,0.17363198710071764,0.33320128384176206,0.378443289094431,0.2579223569104309,,0.20715841309185581
TS_12,3,whisperx,0.14122826099783498,0.04690485879307325,0.17494059241603824,0.07489778174767317,0.17494059241603824,0.17384640882979352,,,
TS_13,1,whisperx,0.20752097608436887,0.0,0.20752097608436887,0.20752097608436887,0.20752097608436887,,,,
TS_14,5,whisperx,0.32957145107655994,0.04608012393692027,0.38610719916694425,0.24788171329095704,0.30229391199455036,0.3285811161133774,,,
TS_15,4,whisperx,0.25246214382551285,0.022590869656753255,0.27983766287961276,0.2208758158828883,0.24262165032810906,0.2665134462114414,,0.27983766287961276,
TW_01,5,whisperx,0.1760853583473692,0.030339796037564565,0.22529481297011497,0.1346760025845873,0.17062188657110872,0.15694410281225668,,,
TW_02,4,whisperx,0.2711191652685605,0.07865081014694038,0.3560762475756322,0.14502148647317956,0.333751967558811,0.14502148647317956,,,
TW_03,1,whisperx,0.27090728698867306,0.0,0.27090728698867306,0.27090728698867306,0.27090728698867306,,,,
TW_04,2,whisperx,0.21834232465116524,0.004383783163321081,0.22272610781448632,0.21395854148784416,0.21395854148784416,0.22272610781448632,,,
TW_05,2,whisperx,0.2983972683914651,0.09582396429361234,0.3942212326850774,0.20257330409785276,0.20257330409785276,,,,
TW_06,5,whisperx,0.3360829811202803,0.044183269063155436,0.40113129230214795,0.27290289078655106,0.3110138523288611,0.3774123578129508,,0.3035624853177778,
TW_07,7,whisperx,0.3115494959828614,0.08700927177025725,0.4094851880581284,0.1375970981833433,0.3509038809030167,0.24991268738989275,,0.27170167221014424,
TW_08,4,whisperx,0.4121800846542813,0.057422536254219586,0.4631391993271774,0.31552006883871964,0.3893296340829485,0.42490348059129934,,,
TW_09,3,whisperx,0.15166980907615854,0.08057589953508516,0.2587968504754332,0.06446760336044523,0.13174497339259722,0.2587968504754332,,0.06446760336044523,
TW_10,2,whisperx,0.11771967778587306,0.03435799927154442,0.15207767705741748,0.08336167851432864,0.08336167851432864,,,,
TW_11,2,whisperx,0.26078297745898094,0.04571374577597054,0.3064967232349515,0.2150692316830104,0.2150692316830104,,,,
TW_12,3,whisperx,0.19858367487674677,0.05865814258516751,0.2530192686387191,0.11715572086493407,0.1850874947518266,0.22557603512658714,,,
TW_14,1,whisperx,0.11637279285869301,0.0,0.11637279285869301,0.11637279285869301,0.11637279285869301,,,,
TW_15,3,whisperx,0.3050177654428312,0.06616230209632253,0.39446741413096625,0.23651804698323753,0.2840678352142898,0.23651804698323753,,,
DL_01,3,whisperx,0.33333339322646577,0.055448623699153494,0.3966287874575995,0.2615971116130707,0.30168569611089896,0.3966287874575995,,,
DL_02,1,whisperx,0.1576630372674322,0.0,0.1576630372674322,0.1576630372674322,0.1576630372674322,,,,
DL_03,1,whisperx,0.2367015933689029,0.0,0.2367015933689029,0.2367015933689029,0.2367015933689029,,,,
DL_04,3,whisperx,0.2647774358097457,0.06041438207135864,0.3376621629008027,0.18972537452850893,0.3376621629008027,0.26694476999992556,,,
DL_05,2,whisperx,0.22955392613950784,0.01967421340839723,0.24922813954790507,0.2098797127311106,0.2098797127311106,,,,
DL_06,3,whisperx,0.11093652817704414,0.02385665123599339,0.13922851801488728,0.08087254985709866,0.11270851665914643,,,,
DL_07,5,whisperx,0.3157838102436962,0.0929757575003736,0.44458631809605664,0.17288910422449186,0.2765658051545093,0.270723956276593,,,
DL_08,2,whisperx,0.14503668194207547,0.0052559042519515625,0.15029258619402702,0.1397807776901239,0.1397807776901239,,,,
DL_09,2,whisperx,0.2587788453812408,0.03696134914415583,0.2957401945253966,0.22181749623708497,0.2957401945253966,0.22181749623708497,,,
DL_10,4,whisperx,0.20945945607761968,0.026547758666167008,0.23975145037650725,0.16676017353893774,0.2032558119577225,0.2148476518136546,,,
DL_11,2,whisperx,0.23323075324962955,0.026720246805339812,0.25995100005496935,0.20651050644428973,0.20651050644428973,,,,
DL_12,4,whisperx,0.3078403991129282,0.007607026902831263,0.32041200555582183,0.30141024712213804,0.31130551003632845,0.30141024712213804,,,
DL_14,3,whisperx,0.33213666083239307,0.032674987051984516,0.359751032513491,0.28624260811823576,0.35041634186545256,0.359751032513491,,,
DL_15,2,whisperx,0.19368503394774156,0.02154301444345004,0.2152280483911916,0.17214201950429153,0.17214201950429153,,,,
DP_01,3,whisperx,0.234157027326137,0.10698103921186009,0.3724291079988828,0.1118416873883536,0.1118416873883536,0.3724291079988828,,,
DP_02,3,whisperx,0.024084106866367794,0.050692140588586454,0.06404628247143504,-0.047441215015855555,,0.00410301906383417,,0.06404628247143504,
DP_03,2,whisperx,-0.058166471924029906,0.01835332792723635,-0.03981314399679355,-0.07651979985126625,,-0.058166471924029906,,,
DP_05,1,whisperx,0.3591460500209249,0.0,0.3591460500209249,0.3591460500209249,0.3591460500209249,,,,
DP_06,3,whisperx,0.2285529286977197,0.05300130152777678,0.3034901620163378,0.18966471971287818,0.19108431203841061,0.3034901620163378,,,
DP_07,2,whisperx,0.2820300507390968,0.03088802735600668,0.3129180780951035,0.25114202338309016,0.2820300507390968,,,,
DP_08,1,whisperx,0.23248858805586453,0.0,0.23248858805586453,0.23248858805586453,0.23248858805586453,,,,
DP_09,2,whisperx,0.3121586962961639,0.035963869288113154,0.34812256558427707,0.27619482700805076,0.27619482700805076,0.34812256558427707,,,
DP_10,1,whisperx,0.1859466394763198,0.0,0.1859466394763198,0.1859466394763198,,,,,
DP_11,3,whisperx,0.22383952904075022,0.024784674531925063,0.24914481229639207,0.190183265892011,0.2406676606151198,0.190183265892011,,,
DP_12,1,whisperx,0.12594940097880347,0.0,0.12594940097880347,0.12594940097880347,,0.12594940097880347,,,
DP_13,2,whisperx,0.10806678934025876,0.021739638356066716,0.12980642769632547,0.08632715098419204,0.10806678934025876,,,,
DP_14,4,whisperx,0.26813508774036865,0.10309088523814659,0.3619265140089314,0.1060991199409361,0.30676957151251805,0.3529020879955025,,0.1060991199409361,
DS_01,8,fallback_equal,0.1758377303598347,0.033742173370631484,0.2515694594709766,0.14078715746269227,,,,0.14078715746269227,0.14405262364802637
DS_02,1,whisperx,0.1795025643282765,0.0,0.1795025643282765,0.1795025643282765,0.1795025643282765,,,,
DS_03,1,whisperx,0.18928719243245526,0.0,0.18928719243245526,0.18928719243245526,0.18928719243245526,,,,
DS_04,2,whisperx,0.15869628975112554,0.020327441182113687,0.17902373093323923,0.13836884856901185,0.17902373093323923,,,,
DS_05,5,whisperx,0.28493930248033694,0.0813092857201819,0.38592132043657484,0.15870368614680125,0.27231250329168805,0.22899935377422717,,,
DS_06,2,whisperx,0.10520396434931348,0.046136475774925155,0.15134044012423864,0.05906748857438833,,,,,
DS_07,1,whisperx,0.06236981462028811,0.0,0.06236981462028811,0.06236981462028811,0.06236981462028811,,,,
DS_08,2,whisperx,0.23653738617757597,0.03774534703230181,0.2742827332098778,0.19879203914527416,0.19879203914527416,0.2742827332098778,,,
DS_09,3,whisperx,0.22854856385877187,0.06598030972811586,0.2823230704442646,0.13562095367084928,0.2823230704442646,0.13562095367084928,,,
DS_11,5,whisperx,0.3117939503672701,0.07344448765488791,0.37603874379851737,0.17348053988634995,0.24915545465143046,0.3736660235385423,,,
DS_13,11,fallback_equal,0.2604404918537573,0.07194603922461956,0.3834989457166898,0.13117739352167562,0.37949487129391324,0.22270878003403183,0.2283379328825384,,0.13117739352167562
DS_14,4,whisperx,0.2861379471580941,0.06215206253449254,0.3628458988203067,0.19230073873351022,0.31224222002568713,0.2771629310528722,,,
DS_15,8,fallback_equal,0.1259170905153926,0.10830535581848066,0.25987692439079807,-0.06983214736030041,0.15584716708084914,0.19561238039663537,-0.06983214736030041,,-0.016974984264798577
CB_03,6,fallback_equal,0.26020807194278534,0.0464127493473236,0.3102061821215718,0.1828560245534607,0.22721450174729638,0.29320164213827427,,,
CB_07,8,fallback_equal,0.17211432033055313,0.09610328583835222,0.29643899235335874,-0.004557855341133481,,,,-0.004557855341133481,0.08772932615502889
CB_12,4,whisperx,0.26511596415172556,0.027288164873120038,0.2998786039008507,0.226185451644086,0.2998786039008507,0.25611242425209463,,0.226185451644086,
DR_01,6,whisperx,0.35531866258813727,0.06908713430724547,0.46675666546252514,0.2871105265784397,0.38570884575262965,0.2883800443664122,,,
DR_02,7,whisperx,0.21233673772116982,0.15418590542229424,0.41128417557881297,0.05136901897185941,0.37540830176122253,0.08106409623673261,0.41128417557881297,,
DR_03,3,whisperx,0.2896259294627522,0.009605519774102697,0.3031666251215432,0.28191420710479986,0.2925404161131715,0.28379695616191347,,,
DR_04,4,whisperx,0.19534345064847458,0.040408478950492516,0.2470848288124953,0.13433728442578158,0.17050208401782233,0.2470848288124953,,0.1932848057457584,
DR_05,1,whisperx,0.5128131581476937,0.0,0.5128131581476937,0.5128131581476937,,0.5128131581476937,,,
DR_06,3,whisperx,0.24903588092876117,0.030692993244604824,0.2920612446688094,0.2225529568365266,0.2622773429748785,0.2225529568365266,,,
DR_07,8,whisperx,0.25206451231274996,0.08591516181530912,0.3692106742068387,0.16313814094146695,0.18378642748502114,0.3181814544137246,,0.1924309983920382,
DR_08,2,whisperx,0.4099099759478704,0.0069832585911639156,0.41689323453903426,0.40292671735670643,0.40292671735670643,,,,
DR_09,5,whisperx,0.3509383351471588,0.06408036780280567,0.4690508691705994,0.2846233731866759,0.41451246808949,0.3085555798522713,,,
DR_10,3,whisperx,0.428659170147023,0.04135968363151683,0.4691294177741684,0.37185145498559946,0.37185145498559946,0.45706302772773466,,,
DR_11,5,whisperx,0.25656456098108954,0.09467687798840517,0.39382635853653924,0.14140222032006686,0.15788414558953878,0.28661407759491553,,0.39382635853653924,
DR_12,4,whisperx,0.25357955671353927,0.09316067719779919,0.34410300077684164,0.12091130741204982,0.34106382668408974,0.16609528674298887,,,
EM_01,6,whisperx,0.19667650052618732,0.06450991086141968,0.2777171585638341,0.09928942307810076,0.18443270384416657,0.26373573427326175,,0.09928942307810076,
EM_02,7,whisperx,0.417369934308272,0.054786541445635044,0.48718807746376425,0.32005044055582893,0.47321507550619263,0.36761744527986956,,0.39909197779971756,
EM_03,3,whisperx,0.3351992322934724,0.04807550597791237,0.4027195534162495,0.2945371814724357,0.3555302577039907,0.2945371814724357,,,
EM_04,6,whisperx,0.3021078741674817,0.05848067753707935,0.4006673456224223,0.2175567080896427,0.2883609261714036,0.3159349687696221,,0.315694528951435,
EM_05,6,whisperx,0.3115863996274147,0.05111766219601648,0.38320009573197694,0.25651780123914775,0.30374072131516383,0.3070423717261771,0.38320009573197694,0.26475211594982917,
EM_06,5,whisperx,0.34093738636430876,0.03646905416625181,0.3802871401751917,0.2767457853914638,0.37611835904313773,0.3174834045784228,,,
EM_07,7,whisperx,0.43661977400216834,0.1231412085956921,0.6178453525512659,0.2651259817336504,0.38451522855700215,0.5458889168701738,,0.2651259817336504,
EM_08,5,whisperx,0.3549659286597048,0.04961298903294244,0.421831486440827,0.2785007795054123,0.3719709806209862,0.3436292273521839,,,
EM_09,5,whisperx,0.29949622670501047,0.06925887699713049,0.4287408248527186,0.23767190552392975,0.2735401245620497,0.35636448943851173,,0.23767190552392975,
EM_10,4,whisperx,0.35993958761822265,0.04772543588304483,0.4179131654043779,0.2992990118907931,0.3586060886475855,0.3612730865888597,,,
EM_11,5,whisperx,0.31706989111361755,0.06016886343624502,0.40065598351022547,0.2547461750649329,0.31670015960121056,0.2756465764277206,,0.40065598351022547,
EM_12,8,whisperx,0.3960034381518849,0.04017741078688994,0.49138671224484787,0.35238876045491696,0.3989303879484209,0.39620343275702585,,0.3959100910642211,
TC2_01,4,whisperx,0.3101690415797429,0.08421861309259779,0.4187457945100222,0.18233678955840651,0.2537058268281941,0.4187457945100222,,,
TC2_02,5,whisperx,0.2992200478120234,0.025916129030726837,0.3264847726092778,0.25214037288425506,0.3264847726092778,0.3005057162411876,,0.25214037288425506,
TC2_04,2,whisperx,0.35031411634268783,0.0024391852231408218,0.3527533015658286,0.347874931119547,0.347874931119547,0.3527533015658286,,,
TC2_05,6,whisperx,0.3109691055552062,0.08841240562249442,0.38862407597656073,0.1583994227308154,0.3189788470431932,0.38862407597656073,0.3618545934942813,,
TC2_06,3,whisperx,0.4141298639855921,0.054279910690688694,0.46915384251968373,0.340263431602556,0.40470863706111987,,,0.4329723178345366,
TC2_07,4,whisperx,0.39172636197664423,0.07085773692165179,0.4855538286476497,0.286036234938965,0.4020689117195319,0.33964135376969773,,0.4855538286476497,
TC2_08,5,whisperx,0.18917376046292214,0.1042208117803863,0.34278362687657665,0.07524768114381918,0.18781427635647846,,,0.19461169688869676,
TC2_09,3,whisperx,0.31272582950292227,0.06125314039959409,0.39665300853566327,0.25218558049343354,0.32441929451454843,0.28933889947967006,,,
TC2_10,7,whisperx,0.28270681846787776,0.06473036626828843,0.3519848279580201,0.17657552873269183,0.28412622736982546,0.301037997662842,0.31335559836288357,,
TC2_11,3,whisperx,0.3154246107163865,0.01702897336712515,0.33543251943751523,0.293812831737806,0.30542065635582216,,,,0.33543251943751523
TC2_12,4,whisperx,0.25499945706094995,0.07614937179392575,0.352325350617589,0.13958441265061666,0.3027264801206298,0.2749604553519235,,0.13958441265061666,
MM_01,3,whisperx,0.26843690100956263,0.05089819436738598,0.339135075262457,0.22137178201345747,0.22137178201345747,0.339135075262457,,0.2448038457527735,
MM_02,5,whisperx,0.3424176356262543,0.05521206828674488,0.4001333869361886,0.23758957256158947,0.318861479748889,0.3602688299486846,0.3538275587361245,,
MM_03,2,whisperx,0.34396593225408023,0.002410317671937917,0.3463762499260181,0.3415556145821423,0.34396593225408023,,,,
MM_04,4,whisperx,0.3548493381529052,0.07942051070490554,0.4487535580323258,0.24959051511129438,0.279395899666909,0.4303027766389014,,,
MM_05,2,whisperx,0.3741822024122524,0.026145544778525875,0.4003277471907783,0.34803665763372654,0.4003277471907783,0.34803665763372654,,,
MM_06,1,whisperx,0.40931736603853597,0.0,0.40931736603853597,0.40931736603853597,0.40931736603853597,,,,
MM_07,1,whisperx,0.2583553870739521,0.0,0.2583553870739521,0.2583553870739521,0.2583553870739521,,,,
MM_08,3,whisperx,0.32335865668897024,0.08541367283995349,0.40924366621172303,0.20685619599725488,0.3816098870348279,0.20685619599725488,,,
MM_09,3,whisperx,0.29242307118098204,0.03402690347358036,0.33365179637682524,0.2503170961715924,0.2503170961715924,0.31347605868567685,,,
MM_10,3,whisperx,0.33449788890717763,0.13886879884533856,0.46273257285897645,0.14156395517013368,0.43096485577569954,0.14156395517013368,,,
MM_11,4,whisperx,0.3401563448463852,0.0503173160690448,0.39645688950096863,0.2710629993670522,0.29259884862558705,0.3877138410671833,,,
MM_12,3,whisperx,0.21289340552975236,0.10912942582947457,0.3160826896791656,0.061911510246422816,0.2883843531714172,0.061911510246422816,,,
CH_01,5,whisperx,0.2527340588467314,0.045889464447181956,0.3321772575437931,0.20074796595898758,0.29936431196363933,0.2216472234354593,,,
CH_02,6,whisperx,0.4696309943972902,0.10181110772739878,0.6022840034658766,0.3400600859328435,0.37214046035798837,0.567121528436592,,,
CH_03,5,whisperx,0.24828610639552698,0.04169673599216832,0.296083360858122,0.1728601911903608,0.20690432168951092,0.2758739628662043,,,
CH_04,4,whisperx,0.31374666399204953,0.08652100138112555,0.4520581240451675,0.2136468345472903,0.37053358228876343,0.2569597456953357,,,
CH_05,6,whisperx,0.2590764856939387,0.04553981400543924,0.3205919842664647,0.17762628616389836,0.22226392013189264,0.2958890512559847,,,
CH_06,3,whisperx,0.37171000474342475,0.02605164230331046,0.4071688678285953,0.3453183638071686,0.3849058252115528,0.3453183638071686,,,
CH_07,3,whisperx,0.43840816702648816,0.12172597387248742,0.6050409086054198,0.317662313897228,0.4613516112513239,0.3925212785768168,,,
CH_08,5,whisperx,0.19047724485337164,0.06016786754836129,0.25169716083958177,0.0795570400603313,0.1551273820665285,0.21650130214725463,,0.20912885583929192,
CH_09,6,whisperx,0.36553730839980453,0.10205520563979047,0.4924991180372126,0.1710082261401021,0.354432277714673,0.3710898237423703,,,
CH_10,3,whisperx,0.32297428079706353,0.025373787344372168,0.35815109429712216,0.29924686188849436,0.35815109429712216,0.30538587404703416,,,
CH_11,2,whisperx,0.4278525474527544,0.007098334970724707,0.4349508824234791,0.4207542124820297,0.4207542124820297,0.4349508824234791,,,
CH_12,5,whisperx,0.375937443399257,0.043439536394753495,0.44518034121733346,0.32289251417219705,0.4080373144418341,,,0.3998471091486337,0.34087296479178636
NS_01,3,whisperx,0.3366377857143245,0.014799365191709898,0.35352384566457873,0.31748599532383154,0.3355049204942051,,,0.3389035161545634,
NS_02,6,whisperx,0.19709296302838397,0.04486580593656116,0.24755917786733891,0.1310917192688101,0.16273004271329636,0.23145588334347159,,,
NS_03,4,whisperx,0.2617296601507407,0.04905959395726977,0.32571253854753823,0.18792733063703546,0.25862923051483583,,,,
NS_05,6,whisperx,0.2636916385489913,0.08727807572328257,0.3991742174950285,0.11430917528891191,0.31643807491931064,0.2783215020554715,,0.11430917528891191,
NS_06,5,whisperx,0.23860274068850548,0.06009167058671343,0.2996206658586854,0.16121106576703223,0.19989633699965392,0.2966623462217828,,,
NS_07,5,whisperx,0.45407630870360827,0.038482267967049934,0.5247292775428513,0.41638118599467383,0.47171852692907956,0.42761298136540116,,,
NS_08,4,whisperx,0.3031832783686025,0.08787214844885596,0.41672641293955903,0.17320872977643625,0.353076141925841,0.17320872977643625,,0.3333720998462917,
NS_10,6,whisperx,0.1797581131900006,0.10236994001363843,0.38290419852608,0.08602927402006572,0.2116899611859977,0.08602927402006572,,,0.1194794391351114
NS_11,3,whisperx,0.2767994591988277,0.04609764206941509,0.3214488773449259,0.2133370423511466,0.2956124579004107,0.3214488773449259,,0.2133370423511466,
NS_12,4,whisperx,0.3557850335479861,0.0707823250308543,0.4663892473563655,0.2695061799029956,0.36794771362968054,0.34362235346629155,,,
CG_01,7,fallback_equal,0.3487753576269631,0.07662475714976079,0.43275730664196677,0.17139222572891152,0.4036782309527157,0.25918077071517714,,,0.38233745443841166
CG_02,4,whisperx,0.3984856068546861,0.07490160384118168,0.5074998021815016,0.30411970667298377,0.36337030190482666,0.5074998021815016,0.4189526166594324,0.30411970667298377,
CG_03,4,whisperx,0.36586638880281647,0.06803658450931317,0.43723337958451236,0.2839384326091001,0.35638425168571897,0.37534852591991397,,,
CG_04,5,whisperx,0.2999279547465882,0.0828152668852143,0.44439995693631,0.19272323472155967,0.22523080468902873,0.3023891037092868,0.44439995693631,,
CG_05,4,whisperx,0.36731272942818105,0.025115785075227066,0.3974801211060555,0.34101950692778804,0.34250703698074164,0.3867567226451856,0.3974801211060555,,
CG_07,9,fallback_equal,0.3358980802562238,0.12051533682805061,0.49990125966525184,0.10020563627769155,0.4414522638277587,,0.24543913997143718,0.2345866601919629,0.34275931522496744
CG_08,2,whisperx,0.15551200529226916,0.006664012222957885,0.16217601751522706,0.1488479930693113,0.16217601751522706,,,,
CG_09,3,whisperx,0.2084784185909533,0.059067868373603866,0.29143854889323106,0.1585288672408817,0.29143854889323106,0.16699835343981445,,,
CG_10,3,whisperx,0.32618317342946695,0.016998450780268796,0.34182488686203677,0.3025533447648277,0.32218911581343224,,,,
CG_11,4,whisperx,0.26315649858722456,0.08262475946118467,0.3910872313112534,0.18818197266277176,0.2366783951874366,0.2896346019870126,,,
CG_12,4,whisperx,0.404661073359285,0.08017591344450906,0.5172709737453841,0.31357855305092147,0.37746553435207525,0.5172709737453841,,,
JI_01,5,whisperx,0.3065407303938491,0.10445213666169513,0.4894700885096326,0.17192081632890605,0.4048256666904363,0.24101743952945764,,,
JI_02,3,whisperx,0.4144655100554455,0.04205656951048312,0.47387669556191586,0.38233796849557256,0.3847599173022104,0.47387669556191586,,,
JI_03,4,whisperx,0.35183894704289953,0.04990880734557073,0.40930148756096807,0.2835757047130364,0.304821390500119,0.39885650358568003,,,
JI_04,4,whisperx,0.3911261136852806,0.14860704634601454,0.5549253064905746,0.20064513925286703,0.45461977182941843,0.20064513925286703,,,
JI_05,5,whisperx,0.40823431542434524,0.09237015206800689,0.5400073955379979,0.2610838304499694,0.3545948017533613,0.48869358593082124,,,
JI_12,4,whisperx,0.44359633526345205,0.059115833014323514,0.5096810395331091,0.357874078911853,0.45104829467006874,0.4212404570436018,,,
SS_03,4,whisperx,0.5173192901822153,0.039131524185877904,0.5675169356766208,0.4673531723241542,0.5173192901822153,,,,
SS_04,2,whisperx,0.3390320065947656,0.08601989742498695,0.42505190401975257,0.2530121091697787,0.42505190401975257,0.2530121091697787,,,
SS_05,3,whisperx,0.4794130703488649,0.01713751420846162,0.5003754046782418,0.45839734128225545,0.47946646508609747,0.47938637298024867,,,
SS_06,1,whisperx,0.4970259198965167,0.0,0.4970259198965167,0.4970259198965167,,,,0.4970259198965167,
SS_07,3,whisperx,0.3012512410206067,0.05786838387803616,0.34914108847424913,0.21983417915595577,0.3012512410206067,,,,
SS_08,5,whisperx,0.41075698274450934,0.05657824943504734,0.47792741752191614,0.3385015205875303,0.38029043843453214,0.470453073296506,,,0.35229789026047037
SS_09,2,whisperx,0.2925568581193179,0.03654452790161283,0.32910138602093075,0.2560123302177051,0.2925568581193179,,,,
SS_10,5,whisperx,0.4103662412650978,0.08042079013407526,0.561388771798364,0.32504323484287934,0.44321600332062167,0.3849931975685519,0.39541280454714184,,
SS_11,4,whisperx,0.37302561698308534,0.035343411774067295,0.4085698010814879,0.31567705235316534,0.3621234267173266,0.3839278072488441,,,
SS_12,3,whisperx,0.4192361518261846,0.03949116275658644,0.47320461783826334,0.379806782781189,0.4265057003097262,0.4046970548591015,,,
KM_01,1,whisperx,0.39744866714277954,0.0,0.39744866714277954,0.39744866714277954,0.39744866714277954,,,,
KM_02,4,whisperx,0.2861863752579001,0.03254754284031518,0.3407757922678588,0.2579134594219761,0.29934462584491744,0.27302812467088267,,,
KM_03,2,whisperx,0.3353150588461369,0.024627964507651673,0.3599430233537886,0.31068709433848524,0.31068709433848524,,,,
KM_04,4,whisperx,0.20360771047516055,0.06590739215368924,0.2804066094290255,0.12361008700368012,0.1895887575913905,0.21762666335893058,,,
KM_05,5,whisperx,0.19602326751266375,0.07242945908218307,0.3055794276976448,0.08712563593240426,0.2510256663070538,0.19546968450840338,,,
KM_06,4,whisperx,0.2295073928837754,0.035977232353948216,0.2778021288165081,0.17637442871790324,0.20528224551604812,0.25373254025150266,,,
KM_07,2,whisperx,0.2533988916347876,0.0941991491775525,0.34759804081234014,0.15919974245723514,0.15919974245723514,,,0.34759804081234014,
KM_08,4,whisperx,0.28879400548343226,0.0701623729095817,0.3614289478555447,0.21590274284114142,0.3589061630467795,0.21868184792008502,,,
KM_09,5,whisperx,0.3406970872791904,0.07821942754275946,0.40594629301421403,0.2052638563506207,0.3477597204187012,0.4013510696039645,,,
KM_10,3,whisperx,0.30726250195406407,0.027735398036608426,0.3464758863305215,0.2868739397754882,0.2876558097658353,0.3464758863305215,,,
KM_11,3,whisperx,0.2726595469046207,0.12199307365265605,0.3641559670848341,0.1002433896080959,0.3535792840209321,0.3641559670848341,,,
KM_12,2,whisperx,0.40163813786360947,0.030873443242192794,0.4325115811058023,0.3707646946214167,0.4325115811058023,0.3707646946214167,,,
JP_01,4,whisperx,0.4278129165158063,0.024108926037537136,0.45002859278005364,0.3871919042399127,0.4186102485099832,0.4370155845216295,,,
JP_02,2,whisperx,0.5305861916670658,0.0041937097228549325,0.5347799013899207,0.5263924819442108,0.5263924819442108,0.5347799013899207,,,
JP_03,3,whisperx,0.3545273289237533,0.026001551254777055,0.3784214855670803,0.318374405022761,0.3425802506020898,0.3784214855670803,,,
JP_04,6,whisperx,0.5007944910442429,0.07340255126318879,0.5677981797253453,0.3873038511864424,0.44070824445291706,0.5608807376355686,,,
JP_05,6,whisperx,0.5049463794170408,0.06602499152257857,0.589634781316534,0.40434308688948706,0.5129004325293219,0.4969923263047597,,,
JP_06,6,whisperx,0.35550671562096986,0.04260033466980138,0.44031773131361146,0.3118172551998645,0.3724287752494501,0.3216625963640093,,,
JP_07,2,whisperx,0.3848983243962372,0.017802639126612452,0.4027009635228497,0.36709568526962477,0.36709568526962477,0.4027009635228497,,,
JP_09,6,whisperx,0.32123868654095716,0.12809553379831493,0.5359927319677165,0.10469067904375438,0.33895789591844416,0.28580026778598294,,,
JP_10,5,whisperx,0.3871721330996935,0.08126925657102223,0.4954950562825374,0.2848274874098681,0.33363940832522704,0.4674712202613932,,,
JP_11,4,whisperx,0.30514933845876746,0.10361077167296338,0.41967652795790145,0.1463121499559243,0.25806074508977284,0.352237931827762,,,
JP_12,2,whisperx,0.3708392576492825,0.07449332627801994,0.44533258392730246,0.2963459313712626,0.2963459313712626,0.44533258392730246,,,
GW_01,5,whisperx,0.229442627137422,0.08644583612767028,0.3829006986264992,0.14214931306132442,0.30168906964933445,,,,
GW_02,3,whisperx,0.23964147519070497,0.05604223004697708,0.31325639303911235,0.1774031250987379,0.23964147519070497,,,,
GW_03,2,whisperx,0.3226531163897353,0.05362676579199954,0.37627988218173486,0.2690263505977358,0.37627988218173486,,,,
GW_05,3,whisperx,0.33576645918071174,0.040723096019998184,0.36847090095472657,0.2783609748379382,0.33576645918071174,,,,
GW_06,5,whisperx,0.27043605984040286,0.09070680116924769,0.43282793985159734,0.16449384525820168,0.294507709600486,,,,
GW_09,3,whisperx,0.23964147519070497,0.05604223004697708,0.31325639303911235,0.1774031250987379,0.23964147519070497,,,,
GW_10,9,whisperx,0.2640166859506756,0.04921191920759508,0.3424689707313527,0.18865192371051642,0.2558807713241028,,,,
GW_11,2,whisperx,0.2717822154627739,0.05604967464867297,0.3278318901114469,0.21573254081410098,0.2717822154627739,,,,
GW_12,3,whisperx,0.32501831826095573,0.09699868940940294,0.4017095122614196,0.18817417206937712,0.393440391356745,0.18817417206937712,,,
CW_01,5,whisperx,0.26556588236691947,0.12573640618796486,0.4156587759533273,0.10845083338522775,0.20346442200793105,0.35871807290540214,,,
CW_02,4,whisperx,0.3813971022255255,0.08223544513539105,0.5130891547028006,0.28904086487046654,0.4445203393802118,0.31827386507083905,,,
CW_04,4,whisperx,0.32976000948850526,0.03515265554132754,0.36890895652560596,0.27683958024113325,0.3147644951607746,0.34475552381623586,,,
CW_05,6,whisperx,0.35260760328634305,0.041966063367430965,0.41787140372264636,0.28569481458801527,0.37464436351076214,0.3705645949575642,0.31261385139070297,,
CW_06,3,whisperx,0.35626673761286165,0.04345364161170858,0.4052429225067727,0.29963321875861926,0.35243807063269594,0.3639240715731932,,,
CW_09,2,whisperx,0.5275495688836478,0.14409912262270924,0.671648691506357,0.3834504462609385,0.3834504462609385,0.671648691506357,,,
CW_10,7,whisperx,0.3681872123006737,0.12180184399821366,0.5145858659464991,0.17663400729814796,0.344876277625283,,,,0.5080528203530176
CW_12,5,whisperx,0.27233746129960446,0.037262895930410676,0.3420727513049684,0.2376748343854337,,,,,
AG_01,2,whisperx,0.30679717307563603,0.018493863167556523,0.32529103624319256,0.2883033099080795,0.2883033099080795,,,,
AG_02,4,whisperx,0.31432922520067413,0.0571025208800197,0.39821340469545835,0.2606065688223537,0.32940998675890604,0.33575362387495994,,,
AG_03,3,whisperx,0.3036914614696466,0.05493863097851128,0.3763718749903001,0.24357000414212585,0.3763718749903001,0.2911325052765139,,,
AG_04,3,whisperx,0.36349343117732147,0.03531143996319539,0.40870070356007127,0.3225166193977302,0.3592629705741631,0.3225166193977302,,,
AG_05,3,whisperx,0.3129398959474018,0.038792104892624225,0.3580774105701953,0.2633675336311475,0.3173747436408625,,,0.3580774105701953,
AG_06,3,whisperx,0.28868675256111703,0.11180607915803932,0.3910780680910946,0.13314593255526982,0.3910780680910946,0.13314593255526982,,0.34183625703698667,
AG_08,6,whisperx,0.27458642939719813,0.08103787320019927,0.4028157418896932,0.14599516413115504,0.28086549588865095,0.33122243819383684,,0.23680652953584058,
AG_09,3,whisperx,0.20359169702402471,0.015112273195389783,0.21849161204763437,0.18287276815363096,0.18287276815363096,0.21849161204763437,,,
AG_10,3,whisperx,0.14383382812937548,0.04868158313566112,0.21061988426331124,0.09596454935832285,0.09596454935832285,0.21061988426331124,,,
AG_12,6,whisperx,0.29529636329292475,0.03724527277073304,0.34010578218998994,0.2372895119654236,0.3248227831105302,0.259200801503877,,,
ES_01,9,whisperx,0.36593559714447466,0.060051686004612886,0.48840575582832363,0.27311968020536564,0.29409157504586975,0.4075036973949404,,,0.3060934718632503
ES_02,5,whisperx,0.44501620410740356,0.02017155944201486,0.4721459952941747,0.425722850741015,0.4294371879400942,0.4721459952941747,,,
ES_03,4,whisperx,0.4146255715266791,0.04678339325444698,0.46355389559354887,0.3393203954281493,0.377028619300386,0.46355389559354887,,,
ES_04,5,whisperx,0.30139729401719345,0.08159367452367931,0.3712100033375356,0.1809227148382535,0.27225979609332995,0.22504390491816936,,,
ES_06,5,whisperx,0.1939474489340447,0.1048239786012168,0.374172615709298,0.08097440976532601,0.26314211801840515,0.090155445307504,,,
ES_07,4,whisperx,0.18121125667014792,0.02126827190313099,0.21618539674614906,0.15872522477773854,0.19500961724928695,0.1674128960910089,,,
ES_08,5,whisperx,0.2986545264000429,0.06656551498385617,0.38001738085418313,0.1883170639833897,0.23134300151963455,0.38001738085418313,,,
ES_09,4,whisperx,0.1521954671753165,0.09586921451500552,0.281250787932984,0.010919086746911649,0.08155769870886967,0.281250787932984,,,
ES_10,6,whisperx,0.2410567615150574,0.07504768008945258,0.32627758733903167,0.09567005800478606,0.15049042391347953,0.2863399303158463,,,
ES_11,4,whisperx,0.23159196442285365,0.12579231840434077,0.3963465953150754,0.06816535324548295,0.23092795456542817,0.3963465953150754,,,
ES_12,4,whisperx,0.348933750856378,0.08767243275633356,0.4354693884678297,0.2132390262730982,0.3146952805086755,0.33087505394033134,,,
BE_01,3,whisperx,0.27826499860265685,0.08009086026389002,0.38662046441298936,0.195519125777567,0.31963793501520177,,,,
BE_02,5,whisperx,0.2785412447730159,0.036065358168387164,0.3412291264409601,0.24674026178987193,0.2947832135648914,0.2541782915852026,,,
BE_03,4,whisperx,0.36091010247888167,0.049716118974366855,0.44314730112769724,0.31359484362991286,,0.3343882948882206,,,
BE_04,3,whisperx,0.3155700507936614,0.0571577552633822,0.3700995274306448,0.23662924825395065,0.3033643878422977,0.3399813766963888,,,
BE_05,2,whisperx,0.19376029314411625,0.08068453634844254,0.2744448294925588,0.1130757567956737,0.2744448294925588,0.1130757567956737,,,
BE_06,3,whisperx,0.2231287009876143,0.012834712862680897,0.23631836286931457,0.2057348239784294,0.2057348239784294,0.22733291611509904,,,
BE_07,3,whisperx,0.40796403967640654,0.05609902782133696,0.48133223950886234,0.3451364544577686,0.39742342506258854,0.41323434698331546,,,
BE_08,4,whisperx,0.20479569216678925,0.0675026300052915,0.3154438521001362,0.13997579188816897,0.13997579188816897,0.18188156233942593,,,
BE_09,2,whisperx,0.36009256133703094,0.021933099704206566,0.38202566104123753,0.3381594616328244,0.36009256133703094,,,,
BE_10,2,whisperx,0.3718081453062867,0.0005626685132525677,0.3723708138195393,0.37124547679303416,0.3723708138195393,0.37124547679303416,,,
BE_11,5,whisperx,0.36222214065111724,0.03922344506824111,0.4360773211161953,0.3269619482523036,0.33677948108754624,0.4003861299964737,,,
BE_12,2,whisperx,0.30275526899530486,0.005223218471001878,0.30797848746630674,0.297532050524303,0.297532050524303,0.30797848746630674,,,
HS_01,2,whisperx,0.22499161929076733,0.02112442043447986,0.24611603972524718,0.20386719885628746,0.24611603972524718,0.20386719885628746,,,
HS_02,4,whisperx,0.2924722715717908,0.01902286978450855,0.3146858665317143,0.26701936756473377,0.31052218269163345,0.26701936756473377,,,
HS_03,3,whisperx,0.3045071805703809,0.037019015064821706,0.3496354280774997,0.2589606249990957,0.30492548863454716,0.2589606249990957,,,
HS_04,3,whisperx,0.23813223479948017,0.037292622120532956,0.28594573754813124,0.19495085727791514,0.28594573754813124,0.2335001095723941,,0.19495085727791514,
HS_05,1,whisperx,0.3581945986180863,0.0,0.3581945986180863,0.3581945986180863,0.3581945986180863,,,,
HS_06,3,whisperx,0.22810249076021835,0.08481041578899463,0.347891333324288,0.1629941614119031,0.17342197754446392,0.347891333324288,,,
HS_07,2,whisperx,0.24995576073722658,0.054795966008108585,0.3047517267453352,0.195159794729118,0.195159794729118,0.3047517267453352,,,
HS_08,3,whisperx,0.3202903078708362,0.07146844494426692,0.3858599528439406,0.22089411865379757,0.22089411865379757,,,0.3541168521147704,
HS_09,4,whisperx,0.24502121322096054,0.014156707984937842,0.26511411784949124,0.2250750528493325,0.24476808158259525,0.26511411784949124,,,
HS_10,3,whisperx,0.22820037461680406,0.09510516779954614,0.36219844021482867,0.15115752654368556,0.16120134181779178,,,,
HS_11,4,whisperx,0.21681000712535795,0.07420420478644793,0.30176729181726375,0.09894489661819335,0.20035609421772854,0.23326392003298735,,,
HS_12,4,whisperx,0.26343124541901236,0.04321043472343279,0.3374841530470631,0.22853996934454335,0.29041339453747717,0.23644909630054747,,,
OR_01,3,whisperx,0.2752969568025286,0.06166978098779018,0.3251531249160375,0.1883969863261954,0.25677505562111647,0.3123407591653528,,,
OR_02,3,whisperx,0.27918023547802095,0.054784642922659076,0.319364289722519,0.201721258039398,0.25908820835577195,0.319364289722519,,,
OR_03,4,whisperx,0.2582182412345527,0.12138848333959203,0.43168672998340063,0.08893824822181748,0.1773380322048116,0.33909845026429397,,,
OR_04,5,whisperx,0.312181542713459,0.10412190575675401,0.44911576857814345,0.17419561953798454,0.4310029750897217,0.2623530719249334,,0.17419561953798454,
OR_05,6,whisperx,0.1977426335431585,0.11648412394839132,0.317686296807884,-0.04363653541726934,0.23731716145275367,0.29095104280684053,,,
OR_06,3,whisperx,0.42662378745847357,0.052716611084582546,0.48368879744903637,0.3565431164092323,0.4616641229830942,0.3565431164092323,,,
OR_07,3,whisperx,0.22117724532814279,0.032913210517571796,0.2504411286052082,0.17519824654670246,0.21281968757595532,0.23789236083251777,,,
OR_08,1,whisperx,0.30925517118715695,0.0,0.30925517118715695,0.30925517118715695,0.30925517118715695,,,,
OR_09,1,whisperx,0.41535672980288885,0.0,0.41535672980288885,0.41535672980288885,0.41535672980288885,,,,
OR_10,5,whisperx,0.20727273825510711,0.10826645279290714,0.3224286064332574,0.02871313720753958,0.17348000941964942,0.18348753300148976,,,0.3224286064332574
OR_11,5,whisperx,0.34774747567079733,0.04301280614999619,0.3973701344660394,0.2816394236729497,0.33023204820834257,0.3740206168644794,,,
OR_12,2,whisperx,0.3423296759243167,0.07704526384715743,0.4193749397714741,0.26528441207715925,0.26528441207715925,0.4193749397714741,,,
JB_02,4,whisperx,0.37887733967428006,0.09288873082466774,0.4565138268703121,0.2214856467594384,0.2214856467594384,0.4350835936492247,,,
JB_03,1,whisperx,0.2512617836887522,0.0,0.2512617836887522,0.2512617836887522,0.2512617836887522,,,,
JB_04,4,whisperx,0.3127875000806844,0.09138548249924648,0.3921875949299064,0.1602835652946681,0.27623558011228727,0.3493394200490815,,,
JB_05,1,whisperx,0.29982988584959125,0.0,0.29982988584959125,0.29982988584959125,0.29982988584959125,,,,
JB_06,3,whisperx,0.22665558853190096,0.04200880897946706,0.2740881131499674,0.17195986925413734,0.2740881131499674,0.17195986925413734,,0.23391878319159823,
JB_08,3,whisperx,0.23124913503562997,0.01665970638562276,0.2547290273297677,0.21782404240397632,0.22119433537314592,,,,
JB_09,3,whisperx,0.2792289476648749,0.0680446647145479,0.3274187708680296,0.1829992989465008,0.32734377202406195,0.1829992989465008,,,
JB_10,7,whisperx,0.27994741767365605,0.05764911873178628,0.364045670418554,0.18898792621103555,0.32626853824174873,0.27902910935429526,,,0.23378016407072022
JB_11,3,whisperx,0.31652488055314115,0.04974759178644785,0.37836903520274323,0.2565561212391067,0.2565561212391067,0.37836903520274323,,0.3146494852175734,
JB_12,8,whisperx,0.2500589462578533,0.10076516879141177,0.3646593628615276,0.06307789640179985,0.260031266153604,0.2533429586700857,,0.1424558213265497,
LCD_01,3,whisperx,0.32755124883607584,0.056766639304637,0.4046156641778419,0.26953869407028797,0.28901904116519284,0.4046156641778419,,,
LCD_02,1,whisperx,0.24601932254838507,0.0,0.24601932254838507,0.24601932254838507,0.24601932254838507,,,,
LCD_03,1,whisperx,0.213851454070474,0.0,0.213851454070474,0.213851454070474,0.213851454070474,,,,
LCD_04,2,whisperx,0.36623304055499956,0.06007497047102911,0.42630801102602867,0.30615807008397045,0.36623304055499956,,,,
LCD_05,7,fallback_equal,0.19334489460702894,0.05137769610088126,0.29161969270219595,0.13373490836124188,0.22322529998048146,0.13373490836124188,0.15827074721274956,,0.1685074067532854
LCD_06,1,whisperx,0.2541979781775224,0.0,0.2541979781775224,0.2541979781775224,0.2541979781775224,,,,
LCD_08,1,whisperx,0.2736611565652965,0.0,0.2736611565652965,0.2736611565652965,0.2736611565652965,,,,
BN_01,7,fallback_equal,0.1402427147821896,0.053877229021596786,0.2071612101305937,0.0439378238966453,0.13001387534575667,,,,
BN_02,1,whisperx,0.22233222292831992,0.0,0.22233222292831992,0.22233222292831992,0.22233222292831992,,,,
BN_03,1,whisperx,0.14359098265156808,0.0,0.14359098265156808,0.14359098265156808,0.14359098265156808,,,,
BN_04,5,whisperx,0.29305172338022645,0.05196711571128313,0.3519260192496149,0.19822092722006962,0.2787170501772174,0.3086587106039555,,,
BN_06,4,whisperx,0.18904613078075688,0.012832494908918267,0.2039829714213061,0.1699695650166479,0.19111599334253682,0.2039829714213061,,0.1699695650166479,
BN_08,5,whisperx,0.21234307838088334,0.06558994154799834,0.32286325458904,0.11737595101170102,0.23608486022317896,,,0.11737595101170102,
BN_10,10,fallback_equal,0.22735608158480108,0.043566794454657644,0.33437185565493155,0.17748595350169602,0.26566863216609166,0.20181438119727405,,,
GZ_01,1,whisperx,0.27807977787401966,0.0,0.27807977787401966,0.27807977787401966,,,,0.27807977787401966,
GZ_03,5,whisperx,0.3318829879543811,0.045085359515060555,0.39315552449054814,0.2813116693980673,0.34389723995969584,0.3238734866175046,,,
GZ_04,2,whisperx,0.29776294356974164,0.04852320642697941,0.3462861499967211,0.24923973714276226,0.29776294356974164,,,,
GZ_05,2,whisperx,0.19922117061107325,0.061920934591044474,0.2611421052021177,0.13730023602002878,0.19922117061107325,,,,
GZ_06,3,whisperx,0.12041634591124394,0.062349457278909046,0.18113156488549323,0.03468339106949892,0.14543408177873965,,,,
GZ_07,3,whisperx,0.17792194814153797,0.07083887067708652,0.25709257077822645,0.08517435901555287,0.13833663682319375,,0.25709257077822645,,
GZ_08,2,whisperx,0.3698099989854357,0.015914241855737588,0.3857242408411733,0.3538957571296981,0.3538957571296981,0.3857242408411733,,,
GZ_09,3,whisperx,0.17074822830494543,0.07702758662764542,0.2714627535959026,0.08444222508233411,0.08444222508233411,0.2714627535959026,,,
GZ_11,3,whisperx,0.30279494462355594,0.0968785800156945,0.388802199807487,0.16743194858106125,0.3521506854821196,0.388802199807487,,0.16743194858106125,
GZ_12,3,whisperx,0.19451822065419422,0.061625492785296415,0.2800193269836889,0.13714841122005134,0.2800193269836889,0.15176766748944687,,,
